2026-07-26 00:02:52,762 [canton-env-ec-89] INFO  c.d.c.s.c.t.GrpcSequencerSubscription:participant=sandbox/domainId=local::12209aebc618 - The sequencer subscription has been terminated by the server.
2026-07-26 00:02:52,778 [canton-env-ec-79] INFO  c.d.c.s.c.t.GrpcSubscriptionErrorRetryPolicy:participant=sandbox/domainId=local::12209aebc618 - Trying to reconnect to give the sequencer the opportunity to become available again (after Connection terminated by the server.)
2026-07-26 00:02:52,779 [canton-env-ec-73] INFO  c.d.c.s.c.t.GrpcSequencerSubscription:domain=local/client=topology-manager - The sequencer subscription has been terminated by the server.
2026-07-26 00:02:52,779 [canton-env-ec-75] INFO  c.d.c.s.c.t.GrpcSubscriptionErrorRetryPolicy:domain=local/client=topology-manager - Trying to reconnect to give the sequencer the opportunity to become available again (after Connection terminated by the server.)
2026-07-26 00:02:52,780 [canton-env-ec-73] INFO  c.d.c.s.c.t.GrpcSequencerSubscription:domain=local/client=mediator - The sequencer subscription has been terminated by the server.
2026-07-26 00:02:52,781 [canton-env-ec-82] INFO  c.d.c.s.c.t.GrpcSubscriptionErrorRetryPolicy:domain=local/client=mediator - Trying to reconnect to give the sequencer the opportunity to become available again (after Connection terminated by the server.)
2026-07-26 00:02:52,783 [canton-env-ec-25] INFO  c.d.c.d.s.a.MemberAuthenticationServiceOld:domain=local - DOM::local::12209aebc618... authenticated new token with expiry 2026-07-25T19:32:52.783594Z
2026-07-26 00:02:52,783 [canton-env-ec-89] INFO  c.d.c.d.s.a.MemberAuthenticationServiceOld:domain=local - MED::local::12209aebc618... authenticated new token with expiry 2026-07-25T19:32:52.783660Z
2026-07-26 00:02:52,836 [canton-env-ec-30] INFO  c.d.c.d.s.s.GrpcSequencerService:domain=local - MED::local::12209aebc618... subscribes from counter=153
2026-07-26 00:02:52,837 [canton-env-ec-89] INFO  c.d.c.d.s.s.GrpcSequencerService:domain=local - DOM::local::12209aebc618... subscribes from counter=21
2026-07-26 00:02:52,838 [canton-env-ec-83] INFO  c.d.c.d.s.s.GrpcSequencerService:domain=local - PAR::sandbox::12206f7953e7... subscribes from counter=162
2026-07-26 00:02:53,483 [daml.index.db.connection.indexer housekeeper] WARN  com.zaxxer.hikari.pool.HikariPool - daml.index.db.connection.indexer - Thread starvation or clock leap detected (housekeeper delta=1h15m29s611ms).
2026-07-26 00:02:53,566 [daml.index.db.connection.api-server housekeeper] WARN  com.zaxxer.hikari.pool.HikariPool - daml.index.db.connection.api-server - Thread starvation or clock leap detected (housekeeper delta=1h15m29s607ms).
2026-07-26 00:18:08,893 [canton-env-ec-28] INFO  c.d.c.d.s.a.MemberAuthenticationServiceOld:domain=local - PAR::sandbox::12206f7953e7... authenticated new token with expiry 2026-07-25T19:48:08.893761Z
2026-07-26 00:48:22,535 [canton-env-ec-83] INFO  c.d.c.s.c.t.GrpcSequencerSubscription:participant=sandbox/domainId=local::12209aebc618 - The sequencer subscription has been terminated by the server.
2026-07-26 00:48:22,536 [canton-env-ec-77] INFO  c.d.c.s.c.t.GrpcSubscriptionErrorRetryPolicy:participant=sandbox/domainId=local::12209aebc618 - Trying to reconnect to give the sequencer the opportunity to become available again (after Connection terminated by the server.)
2026-07-26 00:48:22,591 [canton-env-ec-82] INFO  c.d.c.d.s.s.GrpcSequencerService:domain=local - PAR::sandbox::12206f7953e7... subscribes from counter=162
2026-07-26 00:48:23,789 [daml.index.db.connection.indexer housekeeper] WARN  com.zaxxer.hikari.pool.HikariPool - daml.index.db.connection.indexer - Thread starvation or clock leap detected (housekeeper delta=45m30s306ms).
2026-07-26 00:48:23,865 [daml.index.db.connection.api-server housekeeper] WARN  com.zaxxer.hikari.pool.HikariPool - daml.index.db.connection.api-server - Thread starvation or clock leap detected (housekeeper delta=45m30s299ms).
2026-07-26 01:18:39,264 [canton-env-ec-79] INFO  c.d.c.d.s.a.MemberAuthenticationServiceOld:domain=local - PAR::sandbox::12206f7953e7... authenticated new token with expiry 2026-07-25T20:48:39.263901Z
2026-07-26 01:48:54,199 [canton-env-ec-79] INFO  c.d.c.s.c.t.GrpcSequencerSubscription:domain=local/client=topology-manager - The sequencer subscription has been terminated by the server.
2026-07-26 01:48:54,200 [canton-env-ec-89] INFO  c.d.c.s.c.t.GrpcSubscriptionErrorRetryPolicy:domain=local/client=topology-manager - Trying to reconnect to give the sequencer the opportunity to become available again (after Connection terminated by the server.)
2026-07-26 01:48:54,201 [canton-env-ec-82] INFO  c.d.c.s.c.t.GrpcSequencerSubscription:domain=local/client=mediator - The sequencer subscription has been terminated by the server.
2026-07-26 01:48:54,202 [canton-env-ec-89] INFO  c.d.c.s.c.t.GrpcSubscriptionErrorRetryPolicy:domain=local/client=mediator - Trying to reconnect to give the sequencer the opportunity to become available again (after Connection terminated by the server.)
2026-07-26 01:48:54,202 [canton-env-ec-30] INFO  c.d.c.s.c.t.GrpcSequencerSubscription:participant=sandbox/domainId=local::12209aebc618 - The sequencer subscription has been terminated by the server.
2026-07-26 01:48:54,202 [canton-env-ec-28] INFO  c.d.c.s.c.t.GrpcSubscriptionErrorRetryPolicy:participant=sandbox/domainId=local::12209aebc618 - Trying to reconnect to give the sequencer the opportunity to become available again (after Connection terminated by the server.)
2026-07-26 01:48:54,204 [canton-env-ec-82] INFO  c.d.c.d.s.a.MemberAuthenticationServiceOld:domain=local - MED::local::12209aebc618... authenticated new token with expiry 2026-07-25T21:18:54.204631Z
2026-07-26 01:48:54,204 [canton-env-ec-28] INFO  c.d.c.d.s.a.MemberAuthenticationServiceOld:domain=local - DOM::local::12209aebc618... authenticated new token with expiry 2026-07-25T21:18:54.204642Z
2026-07-26 01:48:54,263 [canton-env-ec-89] INFO  c.d.c.d.s.s.GrpcSequencerService:domain=local - PAR::sandbox::12206f7953e7... subscribes from counter=162
2026-07-26 01:48:54,266 [canton-env-ec-32] INFO  c.d.c.d.s.s.GrpcSequencerService:domain=local - MED::local::12209aebc618... subscribes from counter=153
2026-07-26 01:48:54,268 [canton-env-ec-25] INFO  c.d.c.d.s.s.GrpcSequencerService:domain=local - DOM::local::12209aebc618... subscribes from counter=21
2026-07-26 01:48:54,928 [daml.index.db.connection.indexer housekeeper] WARN  com.zaxxer.hikari.pool.HikariPool - daml.index.db.connection.indexer - Thread starvation or clock leap detected (housekeeper delta=1h31s139ms).
2026-07-26 01:48:55,005 [daml.index.db.connection.api-server housekeeper] WARN  com.zaxxer.hikari.pool.HikariPool - daml.index.db.connection.api-server - Thread starvation or clock leap detected (housekeeper delta=1h31s140ms).
2026-07-26 02:19:15,388 [canton-env-ec-81] INFO  c.d.c.d.s.a.MemberAuthenticationServiceOld:domain=local - PAR::sandbox::12206f7953e7... authenticated new token with expiry 2026-07-25T21:49:15.388056Z
2026-07-26 02:34:23,214 [daml.index.db.threadpool.connection.indexer-11] INFO  c.d.c.p.i.MeteringAggregator:participant=sandbox - Aggregating transaction metering for LedgerMeteringEnd(Offset(Bytes(000000000000000030)),2026-07-25T15:00:00Z)
2026-07-26 02:34:23,215 [daml.index.db.threadpool.connection.indexer-11] INFO  c.d.c.p.i.MeteringAggregator:participant=sandbox - Aggregating transaction metering completed up to LedgerMeteringEnd(Offset(Bytes(000000000000000030)),2026-07-25T15:00:00Z)
2026-07-26 02:34:23,215 [daml.index.db.threadpool.connection.indexer-12] INFO  c.d.c.p.i.MeteringAggregator:participant=sandbox - Aggregating transaction metering for LedgerMeteringEnd(Offset(Bytes(000000000000000030)),2026-07-25T16:00:00Z)
2026-07-26 02:34:23,215 [daml.index.db.threadpool.connection.indexer-12] INFO  c.d.c.p.i.MeteringAggregator:participant=sandbox - Aggregating transaction metering completed up to LedgerMeteringEnd(Offset(Bytes(000000000000000030)),2026-07-25T16:00:00Z)
2026-07-26 02:34:23,215 [daml.index.db.threadpool.connection.indexer-12] INFO  c.d.c.p.i.MeteringAggregator:participant=sandbox - Aggregating transaction metering for LedgerMeteringEnd(Offset(Bytes(000000000000000030)),2026-07-25T17:00:00Z)
2026-07-26 02:34:23,216 [daml.index.db.threadpool.connection.indexer-12] INFO  c.d.c.p.i.MeteringAggregator:participant=sandbox - Aggregating transaction metering completed up to LedgerMeteringEnd(Offset(Bytes(000000000000000030)),2026-07-25T17:00:00Z)
2026-07-26 02:34:23,216 [daml.index.db.threadpool.connection.indexer-14] INFO  c.d.c.p.i.MeteringAggregator:participant=sandbox - Aggregating transaction metering for LedgerMeteringEnd(Offset(Bytes(000000000000000030)),2026-07-25T18:00:00Z)
2026-07-26 02:34:23,216 [daml.index.db.threadpool.connection.indexer-14] INFO  c.d.c.p.i.MeteringAggregator:participant=sandbox - Aggregating transaction metering completed up to LedgerMeteringEnd(Offset(Bytes(000000000000000030)),2026-07-25T18:00:00Z)
2026-07-26 02:34:23,216 [daml.index.db.threadpool.connection.indexer-14] INFO  c.d.c.p.i.MeteringAggregator:participant=sandbox - Aggregating transaction metering for LedgerMeteringEnd(Offset(Bytes(000000000000000030)),2026-07-25T19:00:00Z)
2026-07-26 02:34:23,216 [daml.index.db.threadpool.connection.indexer-14] INFO  c.d.c.p.i.MeteringAggregator:participant=sandbox - Aggregating transaction metering completed up to LedgerMeteringEnd(Offset(Bytes(000000000000000030)),2026-07-25T19:00:00Z)
2026-07-26 02:34:23,216 [daml.index.db.threadpool.connection.indexer-14] INFO  c.d.c.p.i.MeteringAggregator:participant=sandbox - Aggregating transaction metering for LedgerMeteringEnd(Offset(Bytes(000000000000000030)),2026-07-25T20:00:00Z)
2026-07-26 02:34:23,217 [daml.index.db.threadpool.connection.indexer-14] INFO  c.d.c.p.i.MeteringAggregator:participant=sandbox - Aggregating transaction metering completed up to LedgerMeteringEnd(Offset(Bytes(000000000000000030)),2026-07-25T20:00:00Z)
2026-07-26 02:34:23,217 [daml.index.db.threadpool.connection.indexer-0] INFO  c.d.c.p.i.MeteringAggregator:participant=sandbox - Aggregating transaction metering for LedgerMeteringEnd(Offset(Bytes(000000000000000030)),2026-07-25T21:00:00Z)
2026-07-26 02:34:23,217 [daml.index.db.threadpool.connection.indexer-0] INFO  c.d.c.p.i.MeteringAggregator:participant=sandbox - Aggregating transaction metering completed up to LedgerMeteringEnd(Offset(Bytes(000000000000000030)),2026-07-25T21:00:00Z)
2026-07-26 02:34:24,496 [daml.index.db.connection.indexer housekeeper] WARN  com.zaxxer.hikari.pool.HikariPool - daml.index.db.connection.indexer - Thread starvation or clock leap detected (housekeeper delta=45m29s568ms).
2026-07-26 02:34:24,581 [daml.index.db.connection.api-server housekeeper] WARN  com.zaxxer.hikari.pool.HikariPool - daml.index.db.connection.api-server - Thread starvation or clock leap detected (housekeeper delta=45m29s576ms).
2026-07-26 03:19:46,699 [canton-env-ec-28] INFO  c.d.c.d.s.a.MemberAuthenticationServiceOld:domain=local - PAR::sandbox::12206f7953e7... authenticated new token with expiry 2026-07-25T22:49:46.699694Z
2026-07-26 03:34:55,926 [canton-env-ec-77] INFO  c.d.c.s.c.t.GrpcSequencerSubscription:participant=sandbox/domainId=local::12209aebc618 - The sequencer subscription has been terminated by the server.
2026-07-26 03:34:55,927 [canton-env-ec-30] INFO  c.d.c.s.c.t.GrpcSubscriptionErrorRetryPolicy:participant=sandbox/domainId=local::12209aebc618 - Trying to reconnect to give the sequencer the opportunity to become available again (after Connection terminated by the server.)
2026-07-26 03:34:55,928 [canton-env-ec-75] INFO  c.d.c.s.c.t.GrpcSequencerSubscription:domain=local/client=mediator - The sequencer subscription has been terminated by the server.
2026-07-26 03:34:55,929 [canton-env-ec-79] INFO  c.d.c.s.c.t.GrpcSubscriptionErrorRetryPolicy:domain=local/client=mediator - Trying to reconnect to give the sequencer the opportunity to become available again (after Connection terminated by the server.)
2026-07-26 03:34:55,930 [canton-env-ec-32] INFO  c.d.c.s.c.t.GrpcSequencerSubscription:domain=local/client=topology-manager - The sequencer subscription has been terminated by the server.
2026-07-26 03:34:55,930 [canton-env-ec-30] INFO  c.d.c.s.c.t.GrpcSubscriptionErrorRetryPolicy:domain=local/client=topology-manager - Trying to reconnect to give the sequencer the opportunity to become available again (after Connection terminated by the server.)
2026-07-26 03:34:55,934 [canton-env-ec-79] INFO  c.d.c.d.s.a.MemberAuthenticationServiceOld:domain=local - DOM::local::12209aebc618... authenticated new token with expiry 2026-07-25T23:04:55.934021Z
2026-07-26 03:34:55,934 [canton-env-ec-33] INFO  c.d.c.d.s.a.MemberAuthenticationServiceOld:domain=local - MED::local::12209aebc618... authenticated new token with expiry 2026-07-25T23:04:55.934016Z
2026-07-26 03:34:55,987 [canton-env-ec-82] INFO  c.d.c.d.s.s.GrpcSequencerService:domain=local - DOM::local::12209aebc618... subscribes from counter=21
2026-07-26 03:34:55,991 [canton-env-ec-20] INFO  c.d.c.d.s.s.GrpcSequencerService:domain=local - MED::local::12209aebc618... subscribes from counter=153
2026-07-26 03:34:55,992 [canton-env-ec-73] INFO  c.d.c.d.s.s.GrpcSequencerService:domain=local - PAR::sandbox::12206f7953e7... subscribes from counter=162
2026-07-26 03:34:56,656 [daml.index.db.connection.indexer housekeeper] WARN  com.zaxxer.hikari.pool.HikariPool - daml.index.db.connection.indexer - Thread starvation or clock leap detected (housekeeper delta=1h32s160ms).
2026-07-26 03:34:56,741 [daml.index.db.connection.api-server housekeeper] WARN  com.zaxxer.hikari.pool.HikariPool - daml.index.db.connection.api-server - Thread starvation or clock leap detected (housekeeper delta=1h32s160ms).
2026-07-26 04:20:18,938 [canton-env-ec-80] INFO  c.d.c.d.s.a.MemberAuthenticationServiceOld:domain=local - PAR::sandbox::12206f7953e7... authenticated new token with expiry 2026-07-25T23:50:18.937920Z
2026-07-26 04:23:49,276 [daml.index.db.connection.indexer housekeeper] WARN  com.zaxxer.hikari.pool.HikariPool - daml.index.db.connection.indexer - Thread starvation or clock leap detected (housekeeper delta=48m52s620ms).
2026-07-26 04:23:49,360 [daml.index.db.connection.api-server housekeeper] WARN  com.zaxxer.hikari.pool.HikariPool - daml.index.db.connection.api-server - Thread starvation or clock leap detected (housekeeper delta=48m52s619ms).
2026-07-26 05:20:14,029 [canton-env-ec-82] INFO  c.d.c.d.s.a.MemberAuthenticationServiceOld:domain=local - PAR::sandbox::12206f7953e7... authenticated new token with expiry 2026-07-26T00:50:14.029567Z
2026-07-26 05:20:17,272 [canton-env-ec-30] INFO  c.d.c.s.c.t.GrpcSequencerSubscription:participant=sandbox/domainId=local::12209aebc618 - The sequencer subscription has been terminated by the server.
2026-07-26 05:20:17,272 [canton-env-ec-82] INFO  c.d.c.s.c.t.GrpcSubscriptionErrorRetryPolicy:participant=sandbox/domainId=local::12209aebc618 - Trying to reconnect to give the sequencer the opportunity to become available again (after Connection terminated by the server.)
2026-07-26 05:20:17,273 [canton-env-ec-30] INFO  c.d.c.s.c.t.GrpcSequencerSubscription:domain=local/client=mediator - The sequencer subscription has been terminated by the server.
2026-07-26 05:20:17,273 [canton-env-ec-80] INFO  c.d.c.s.c.t.GrpcSubscriptionErrorRetryPolicy:domain=local/client=mediator - Trying to reconnect to give the sequencer the opportunity to become available again (after Connection terminated by the server.)
2026-07-26 05:20:17,274 [canton-env-ec-28] INFO  c.d.c.s.c.t.GrpcSequencerSubscription:domain=local/client=topology-manager - The sequencer subscription has been terminated by the server.
2026-07-26 05:20:17,274 [canton-env-ec-80] INFO  c.d.c.s.c.t.GrpcSubscriptionErrorRetryPolicy:domain=local/client=topology-manager - Trying to reconnect to give the sequencer the opportunity to become available again (after Connection terminated by the server.)
2026-07-26 05:20:17,278 [canton-env-ec-30] INFO  c.d.c.d.s.a.MemberAuthenticationServiceOld:domain=local - MED::local::12209aebc618... authenticated new token with expiry 2026-07-26T00:50:17.278408Z
2026-07-26 05:20:17,278 [canton-env-ec-73] INFO  c.d.c.d.s.a.MemberAuthenticationServiceOld:domain=local - DOM::local::12209aebc618... authenticated new token with expiry 2026-07-26T00:50:17.278396Z
2026-07-26 05:20:17,329 [canton-env-ec-30] INFO  c.d.c.d.s.s.GrpcSequencerService:domain=local - PAR::sandbox::12206f7953e7... subscribes from counter=162
2026-07-26 05:20:17,332 [canton-env-ec-20] INFO  c.d.c.d.s.s.GrpcSequencerService:domain=local - DOM::local::12209aebc618... subscribes from counter=21
2026-07-26 05:20:17,334 [canton-env-ec-28] INFO  c.d.c.d.s.s.GrpcSequencerService:domain=local - MED::local::12209aebc618... subscribes from counter=153
2026-07-26 05:20:18,012 [daml.index.db.connection.indexer housekeeper] WARN  com.zaxxer.hikari.pool.HikariPool - daml.index.db.connection.indexer - Thread starvation or clock leap detected (housekeeper delta=56m28s736ms).
2026-07-26 05:20:18,096 [daml.index.db.connection.api-server housekeeper] WARN  com.zaxxer.hikari.pool.HikariPool - daml.index.db.connection.api-server - Thread starvation or clock leap detected (housekeeper delta=56m28s736ms).
2026-07-26 06:20:50,872 [daml.index.db.connection.indexer housekeeper] WARN  com.zaxxer.hikari.pool.HikariPool - daml.index.db.connection.indexer - Thread starvation or clock leap detected (housekeeper delta=1h32s860ms).
2026-07-26 06:20:50,956 [daml.index.db.connection.api-server housekeeper] WARN  com.zaxxer.hikari.pool.HikariPool - daml.index.db.connection.api-server - Thread starvation or clock leap detected (housekeeper delta=1h32s860ms).
2026-07-26 06:20:51,938 [canton-env-ec-25] INFO  c.d.c.d.s.a.MemberAuthenticationServiceOld:domain=local - PAR::sandbox::12206f7953e7... authenticated new token with expiry 2026-07-26T01:50:51.937974Z
2026-07-26 07:04:42,814 [canton-env-ec-79] INFO  c.d.c.s.c.t.GrpcSequencerSubscription:participant=sandbox/domainId=local::12209aebc618 - The sequencer subscription has been terminated by the server.
2026-07-26 07:04:42,815 [canton-env-ec-82] INFO  c.d.c.s.c.t.GrpcSubscriptionErrorRetryPolicy:participant=sandbox/domainId=local::12209aebc618 - Trying to reconnect to give the sequencer the opportunity to become available again (after Connection terminated by the server.)
2026-07-26 07:04:42,816 [canton-env-ec-32] INFO  c.d.c.s.c.t.GrpcSequencerSubscription:domain=local/client=topology-manager - The sequencer subscription has been terminated by the server.
2026-07-26 07:04:42,816 [canton-env-ec-33] INFO  c.d.c.s.c.t.GrpcSubscriptionErrorRetryPolicy:domain=local/client=topology-manager - Trying to reconnect to give the sequencer the opportunity to become available again (after Connection terminated by the server.)
2026-07-26 07:04:42,817 [canton-env-ec-33] INFO  c.d.c.s.c.t.GrpcSequencerSubscription:domain=local/client=mediator - The sequencer subscription has been terminated by the server.
2026-07-26 07:04:42,817 [canton-env-ec-30] INFO  c.d.c.s.c.t.GrpcSubscriptionErrorRetryPolicy:domain=local/client=mediator - Trying to reconnect to give the sequencer the opportunity to become available again (after Connection terminated by the server.)
2026-07-26 07:04:42,820 [canton-env-ec-33] INFO  c.d.c.d.s.a.MemberAuthenticationServiceOld:domain=local - DOM::local::12209aebc618... authenticated new token with expiry 2026-07-26T02:34:42.820275Z
2026-07-26 07:04:42,820 [canton-env-ec-81] INFO  c.d.c.d.s.a.MemberAuthenticationServiceOld:domain=local - MED::local::12209aebc618... authenticated new token with expiry 2026-07-26T02:34:42.820268Z
2026-07-26 07:04:42,873 [canton-env-ec-28] INFO  c.d.c.d.s.s.GrpcSequencerService:domain=local - DOM::local::12209aebc618... subscribes from counter=21
2026-07-26 07:04:42,878 [canton-env-ec-80] INFO  c.d.c.d.s.s.GrpcSequencerService:domain=local - PAR::sandbox::12206f7953e7... subscribes from counter=162
2026-07-26 07:04:42,881 [canton-env-ec-32] INFO  c.d.c.d.s.s.GrpcSequencerService:domain=local - MED::local::12209aebc618... subscribes from counter=153
2026-07-26 07:04:46,812 [daml.index.db.connection.indexer housekeeper] WARN  com.zaxxer.hikari.pool.HikariPool - daml.index.db.connection.indexer - Thread starvation or clock leap detected (housekeeper delta=43m55s940ms).
2026-07-26 07:04:46,895 [daml.index.db.connection.api-server housekeeper] WARN  com.zaxxer.hikari.pool.HikariPool - daml.index.db.connection.api-server - Thread starvation or clock leap detected (housekeeper delta=43m55s939ms).
2026-07-26 07:34:59,350 [canton-env-ec-20] INFO  c.d.c.d.s.a.MemberAuthenticationServiceOld:domain=local - PAR::sandbox::12206f7953e7... authenticated new token with expiry 2026-07-26T03:04:59.350420Z
2026-07-26 08:05:18,805 [daml.index.db.connection.indexer housekeeper] WARN  com.zaxxer.hikari.pool.HikariPool - daml.index.db.connection.indexer - Thread starvation or clock leap detected (housekeeper delta=1h31s993ms).
2026-07-26 08:05:18,888 [daml.index.db.connection.api-server housekeeper] WARN  com.zaxxer.hikari.pool.HikariPool - daml.index.db.connection.api-server - Thread starvation or clock leap detected (housekeeper delta=1h31s993ms).
2026-07-26 08:35:23,240 [canton-env-ec-32] INFO  c.d.c.d.s.a.MemberAuthenticationServiceOld:domain=local - PAR::sandbox::12206f7953e7... authenticated new token with expiry 2026-07-26T04:05:23.239927Z
2026-07-26 08:35:29,407 [daml.index.db.threadpool.connection.indexer-11] INFO  c.d.c.p.i.MeteringAggregator:participant=sandbox - Aggregating transaction metering for LedgerMeteringEnd(Offset(Bytes(000000000000000030)),2026-07-25T22:00:00Z)
2026-07-26 08:35:29,408 [daml.index.db.threadpool.connection.indexer-11] INFO  c.d.c.p.i.MeteringAggregator:participant=sandbox - Aggregating transaction metering completed up to LedgerMeteringEnd(Offset(Bytes(000000000000000030)),2026-07-25T22:00:00Z)
2026-07-26 08:35:29,409 [daml.index.db.threadpool.connection.indexer-13] INFO  c.d.c.p.i.MeteringAggregator:participant=sandbox - Aggregating transaction metering for LedgerMeteringEnd(Offset(Bytes(000000000000000030)),2026-07-25T23:00:00Z)
2026-07-26 08:35:29,409 [daml.index.db.threadpool.connection.indexer-13] INFO  c.d.c.p.i.MeteringAggregator:participant=sandbox - Aggregating transaction metering completed up to LedgerMeteringEnd(Offset(Bytes(000000000000000030)),2026-07-25T23:00:00Z)
2026-07-26 08:35:29,410 [daml.index.db.threadpool.connection.indexer-12] INFO  c.d.c.p.i.MeteringAggregator:participant=sandbox - Aggregating transaction metering for LedgerMeteringEnd(Offset(Bytes(000000000000000030)),2026-07-26T00:00:00Z)
2026-07-26 08:35:29,410 [daml.index.db.threadpool.connection.indexer-12] INFO  c.d.c.p.i.MeteringAggregator:participant=sandbox - Aggregating transaction metering completed up to LedgerMeteringEnd(Offset(Bytes(000000000000000030)),2026-07-26T00:00:00Z)
2026-07-26 08:35:29,410 [daml.index.db.threadpool.connection.indexer-12] INFO  c.d.c.p.i.MeteringAggregator:participant=sandbox - Aggregating transaction metering for LedgerMeteringEnd(Offset(Bytes(000000000000000030)),2026-07-26T01:00:00Z)
2026-07-26 08:35:29,410 [daml.index.db.threadpool.connection.indexer-12] INFO  c.d.c.p.i.MeteringAggregator:participant=sandbox - Aggregating transaction metering completed up to LedgerMeteringEnd(Offset(Bytes(000000000000000030)),2026-07-26T01:00:00Z)
2026-07-26 08:35:29,410 [daml.index.db.threadpool.connection.indexer-12] INFO  c.d.c.p.i.MeteringAggregator:participant=sandbox - Aggregating transaction metering for LedgerMeteringEnd(Offset(Bytes(000000000000000030)),2026-07-26T02:00:00Z)
2026-07-26 08:35:29,410 [daml.index.db.threadpool.connection.indexer-12] INFO  c.d.c.p.i.MeteringAggregator:participant=sandbox - Aggregating transaction metering completed up to LedgerMeteringEnd(Offset(Bytes(000000000000000030)),2026-07-26T02:00:00Z)
2026-07-26 08:35:29,411 [daml.index.db.threadpool.connection.indexer-12] INFO  c.d.c.p.i.MeteringAggregator:participant=sandbox - Aggregating transaction metering for LedgerMeteringEnd(Offset(Bytes(000000000000000030)),2026-07-26T03:00:00Z)
2026-07-26 08:35:29,411 [daml.index.db.threadpool.connection.indexer-12] INFO  c.d.c.p.i.MeteringAggregator:participant=sandbox - Aggregating transaction metering completed up to LedgerMeteringEnd(Offset(Bytes(000000000000000030)),2026-07-26T03:00:00Z)
2026-07-26 08:50:32,964 [canton-env-ec-28] INFO  c.d.c.s.c.t.GrpcSequencerSubscription:participant=sandbox/domainId=local::12209aebc618 - The sequencer subscription has been terminated by the server.
2026-07-26 08:50:32,964 [canton-env-ec-30] INFO  c.d.c.s.c.t.GrpcSubscriptionErrorRetryPolicy:participant=sandbox/domainId=local::12209aebc618 - Trying to reconnect to give the sequencer the opportunity to become available again (after Connection terminated by the server.)
2026-07-26 08:50:32,965 [canton-env-ec-75] INFO  c.d.c.s.c.t.GrpcSequencerSubscription:domain=local/client=mediator - The sequencer subscription has been terminated by the server.
2026-07-26 08:50:32,966 [canton-env-ec-81] INFO  c.d.c.s.c.t.GrpcSubscriptionErrorRetryPolicy:domain=local/client=mediator - Trying to reconnect to give the sequencer the opportunity to become available again (after Connection terminated by the server.)
2026-07-26 08:50:32,966 [canton-env-ec-81] INFO  c.d.c.s.c.t.GrpcSequencerSubscription:domain=local/client=topology-manager - The sequencer subscription has been terminated by the server.
2026-07-26 08:50:32,966 [canton-env-ec-33] INFO  c.d.c.s.c.t.GrpcSubscriptionErrorRetryPolicy:domain=local/client=topology-manager - Trying to reconnect to give the sequencer the opportunity to become available again (after Connection terminated by the server.)
2026-07-26 08:50:32,971 [canton-env-ec-81] INFO  c.d.c.d.s.a.MemberAuthenticationServiceOld:domain=local - DOM::local::12209aebc618... authenticated new token with expiry 2026-07-26T04:20:32.970916Z
2026-07-26 08:50:32,971 [canton-env-ec-89] INFO  c.d.c.d.s.a.MemberAuthenticationServiceOld:domain=local - MED::local::12209aebc618... authenticated new token with expiry 2026-07-26T04:20:32.970912Z
2026-07-26 08:50:33,028 [canton-env-ec-33] INFO  c.d.c.d.s.s.GrpcSequencerService:domain=local - MED::local::12209aebc618... subscribes from counter=153
2026-07-26 08:50:33,032 [canton-env-ec-73] INFO  c.d.c.d.s.s.GrpcSequencerService:domain=local - PAR::sandbox::12206f7953e7... subscribes from counter=162
2026-07-26 08:50:33,035 [canton-env-ec-81] INFO  c.d.c.d.s.s.GrpcSequencerService:domain=local - DOM::local::12209aebc618... subscribes from counter=21
2026-07-26 08:50:36,971 [daml.index.db.connection.indexer housekeeper] WARN  com.zaxxer.hikari.pool.HikariPool - daml.index.db.connection.indexer - Thread starvation or clock leap detected (housekeeper delta=45m18s166ms).
2026-07-26 08:50:37,045 [daml.index.db.connection.api-server housekeeper] WARN  com.zaxxer.hikari.pool.HikariPool - daml.index.db.connection.api-server - Thread starvation or clock leap detected (housekeeper delta=45m18s157ms).
2026-07-26 09:35:52,858 [canton-env-ec-32] INFO  c.d.c.d.s.a.MemberAuthenticationServiceOld:domain=local - PAR::sandbox::12206f7953e7... authenticated new token with expiry 2026-07-26T05:05:52.858570Z
2026-07-26 09:51:07,359 [daml.index.db.connection.indexer housekeeper] WARN  com.zaxxer.hikari.pool.HikariPool - daml.index.db.connection.indexer - Thread starvation or clock leap detected (housekeeper delta=1h30s388ms).
2026-07-26 09:51:07,432 [daml.index.db.connection.api-server housekeeper] WARN  com.zaxxer.hikari.pool.HikariPool - daml.index.db.connection.api-server - Thread starvation or clock leap detected (housekeeper delta=1h30s387ms).
2026-07-26 10:36:29,775 [canton-env-ec-79] INFO  c.d.c.d.s.a.MemberAuthenticationServiceOld:domain=local - PAR::sandbox::12206f7953e7... authenticated new token with expiry 2026-07-26T06:06:29.775734Z
2026-07-26 10:36:34,511 [canton-env-ec-89] INFO  c.d.c.s.c.t.GrpcSequencerSubscription:participant=sandbox/domainId=local::12209aebc618 - The sequencer subscription has been terminated by the server.
2026-07-26 10:36:34,512 [canton-env-ec-79] INFO  c.d.c.s.c.t.GrpcSubscriptionErrorRetryPolicy:participant=sandbox/domainId=local::12209aebc618 - Trying to reconnect to give the sequencer the opportunity to become available again (after Connection terminated by the server.)
2026-07-26 10:36:34,513 [canton-env-ec-73] INFO  c.d.c.s.c.t.GrpcSequencerSubscription:domain=local/client=mediator - The sequencer subscription has been terminated by the server.
2026-07-26 10:36:34,513 [canton-env-ec-20] INFO  c.d.c.s.c.t.GrpcSubscriptionErrorRetryPolicy:domain=local/client=mediator - Trying to reconnect to give the sequencer the opportunity to become available again (after Connection terminated by the server.)
2026-07-26 10:36:34,513 [canton-env-ec-32] INFO  c.d.c.s.c.t.GrpcSequencerSubscription:domain=local/client=topology-manager - The sequencer subscription has been terminated by the server.
2026-07-26 10:36:34,514 [canton-env-ec-25] INFO  c.d.c.s.c.t.GrpcSubscriptionErrorRetryPolicy:domain=local/client=topology-manager - Trying to reconnect to give the sequencer the opportunity to become available again (after Connection terminated by the server.)
2026-07-26 10:36:34,517 [canton-env-ec-20] INFO  c.d.c.d.s.a.MemberAuthenticationServiceOld:domain=local - MED::local::12209aebc618... authenticated new token with expiry 2026-07-26T06:06:34.517895Z
2026-07-26 10:36:34,518 [canton-env-ec-81] INFO  c.d.c.d.s.a.MemberAuthenticationServiceOld:domain=local - DOM::local::12209aebc618... authenticated new token with expiry 2026-07-26T06:06:34.517887Z
2026-07-26 10:36:34,573 [canton-env-ec-75] INFO  c.d.c.d.s.s.GrpcSequencerService:domain=local - DOM::local::12209aebc618... subscribes from counter=21
2026-07-26 10:36:34,575 [canton-env-ec-32] INFO  c.d.c.d.s.s.GrpcSequencerService:domain=local - MED::local::12209aebc618... subscribes from counter=153
2026-07-26 10:36:34,577 [canton-env-ec-79] INFO  c.d.c.d.s.s.GrpcSequencerService:domain=local - PAR::sandbox::12206f7953e7... subscribes from counter=162
2026-07-26 10:51:38,414 [daml.index.db.connection.indexer housekeeper] WARN  com.zaxxer.hikari.pool.HikariPool - daml.index.db.connection.indexer - Thread starvation or clock leap detected (housekeeper delta=1h31s55ms).
2026-07-26 10:51:38,486 [daml.index.db.connection.api-server housekeeper] WARN  com.zaxxer.hikari.pool.HikariPool - daml.index.db.connection.api-server - Thread starvation or clock leap detected (housekeeper delta=1h31s54ms).
2026-07-26 11:37:00,980 [canton-env-ec-89] INFO  c.d.c.d.s.a.MemberAuthenticationServiceOld:domain=local - PAR::sandbox::12206f7953e7... authenticated new token with expiry 2026-07-26T07:07:00.980278Z
2026-07-26 11:52:10,433 [daml.index.db.connection.indexer housekeeper] WARN  com.zaxxer.hikari.pool.HikariPool - daml.index.db.connection.indexer - Thread starvation or clock leap detected (housekeeper delta=1h32s19ms).
2026-07-26 11:52:10,514 [daml.index.db.connection.api-server housekeeper] WARN  com.zaxxer.hikari.pool.HikariPool - daml.index.db.connection.api-server - Thread starvation or clock leap detected (housekeeper delta=1h32s28ms).
2026-07-26 12:22:32,316 [canton-env-ec-33] INFO  c.d.c.s.c.t.GrpcSequencerSubscription:participant=sandbox/domainId=local::12209aebc618 - The sequencer subscription has been terminated by the server.
2026-07-26 12:22:32,317 [canton-env-ec-75] INFO  c.d.c.s.c.t.GrpcSubscriptionErrorRetryPolicy:participant=sandbox/domainId=local::12209aebc618 - Trying to reconnect to give the sequencer the opportunity to become available again (after Connection terminated by the server.)
2026-07-26 12:22:32,318 [canton-env-ec-32] INFO  c.d.c.s.c.t.GrpcSequencerSubscription:domain=local/client=topology-manager - The sequencer subscription has been terminated by the server.
2026-07-26 12:22:32,318 [canton-env-ec-30] INFO  c.d.c.s.c.t.GrpcSubscriptionErrorRetryPolicy:domain=local/client=topology-manager - Trying to reconnect to give the sequencer the opportunity to become available again (after Connection terminated by the server.)
2026-07-26 12:22:32,319 [canton-env-ec-32] INFO  c.d.c.s.c.t.GrpcSequencerSubscription:domain=local/client=mediator - The sequencer subscription has been terminated by the server.
2026-07-26 12:22:32,319 [canton-env-ec-89] INFO  c.d.c.s.c.t.GrpcSubscriptionErrorRetryPolicy:domain=local/client=mediator - Trying to reconnect to give the sequencer the opportunity to become available again (after Connection terminated by the server.)
2026-07-26 12:22:32,322 [canton-env-ec-25] INFO  c.d.c.d.s.a.MemberAuthenticationServiceOld:domain=local - MED::local::12209aebc618... authenticated new token with expiry 2026-07-26T07:52:32.322212Z
2026-07-26 12:22:32,322 [canton-env-ec-32] INFO  c.d.c.d.s.a.MemberAuthenticationServiceOld:domain=local - DOM::local::12209aebc618... authenticated new token with expiry 2026-07-26T07:52:32.322223Z
2026-07-26 12:22:32,379 [canton-env-ec-75] INFO  c.d.c.d.s.s.GrpcSequencerService:domain=local - DOM::local::12209aebc618... subscribes from counter=21
2026-07-26 12:22:32,382 [canton-env-ec-30] INFO  c.d.c.d.s.s.GrpcSequencerService:domain=local - MED::local::12209aebc618... subscribes from counter=153
2026-07-26 12:22:32,383 [canton-env-ec-89] INFO  c.d.c.d.s.s.GrpcSequencerService:domain=local - PAR::sandbox::12206f7953e7... subscribes from counter=162
2026-07-26 12:36:48,336 [canton-env-ec-79] INFO  c.d.c.d.s.a.MemberAuthenticationServiceOld:domain=local - PAR::sandbox::12206f7953e7... authenticated new token with expiry 2026-07-26T08:06:48.336688Z
2026-07-26 12:37:59,561 [daml.index.db.connection.indexer housekeeper] WARN  com.zaxxer.hikari.pool.HikariPool - daml.index.db.connection.indexer - Thread starvation or clock leap detected (housekeeper delta=45m49s127ms).
2026-07-26 12:37:59,651 [daml.index.db.connection.api-server housekeeper] WARN  com.zaxxer.hikari.pool.HikariPool - daml.index.db.connection.api-server - Thread starvation or clock leap detected (housekeeper delta=45m49s137ms).
2026-07-26 12:53:09,223 [daml.index.db.threadpool.connection.indexer-3] INFO  c.d.c.p.i.MeteringAggregator:participant=sandbox - Aggregating transaction metering for LedgerMeteringEnd(Offset(Bytes(000000000000000030)),2026-07-26T04:00:00Z)
2026-07-26 12:53:09,224 [daml.index.db.threadpool.connection.indexer-3] INFO  c.d.c.p.i.MeteringAggregator:participant=sandbox - Aggregating transaction metering completed up to LedgerMeteringEnd(Offset(Bytes(000000000000000030)),2026-07-26T04:00:00Z)
2026-07-26 12:53:09,225 [daml.index.db.threadpool.connection.indexer-4] INFO  c.d.c.p.i.MeteringAggregator:participant=sandbox - Aggregating transaction metering for LedgerMeteringEnd(Offset(Bytes(000000000000000030)),2026-07-26T05:00:00Z)
2026-07-26 12:53:09,225 [daml.index.db.threadpool.connection.indexer-4] INFO  c.d.c.p.i.MeteringAggregator:participant=sandbox - Aggregating transaction metering completed up to LedgerMeteringEnd(Offset(Bytes(000000000000000030)),2026-07-26T05:00:00Z)
2026-07-26 12:53:09,225 [daml.index.db.threadpool.connection.indexer-4] INFO  c.d.c.p.i.MeteringAggregator:participant=sandbox - Aggregating transaction metering for LedgerMeteringEnd(Offset(Bytes(000000000000000030)),2026-07-26T06:00:00Z)
2026-07-26 12:53:09,226 [daml.index.db.threadpool.connection.indexer-4] INFO  c.d.c.p.i.MeteringAggregator:participant=sandbox - Aggregating transaction metering completed up to LedgerMeteringEnd(Offset(Bytes(000000000000000030)),2026-07-26T06:00:00Z)
2026-07-26 12:53:09,226 [daml.index.db.threadpool.connection.indexer-6] INFO  c.d.c.p.i.MeteringAggregator:participant=sandbox - Aggregating transaction metering for LedgerMeteringEnd(Offset(Bytes(000000000000000030)),2026-07-26T07:00:00Z)
2026-07-26 12:53:09,226 [daml.index.db.threadpool.connection.indexer-6] INFO  c.d.c.p.i.MeteringAggregator:participant=sandbox - Aggregating transaction metering completed up to LedgerMeteringEnd(Offset(Bytes(000000000000000030)),2026-07-26T07:00:00Z)
2026-07-26 13:23:30,904 [daml.index.db.connection.indexer housekeeper] WARN  com.zaxxer.hikari.pool.HikariPool - daml.index.db.connection.indexer - Thread starvation or clock leap detected (housekeeper delta=45m31s344ms).
2026-07-26 13:23:30,990 [daml.index.db.connection.api-server housekeeper] WARN  com.zaxxer.hikari.pool.HikariPool - daml.index.db.connection.api-server - Thread starvation or clock leap detected (housekeeper delta=45m31s339ms).
2026-07-26 13:38:37,985 [canton-env-ec-83] INFO  c.d.c.d.s.a.MemberAuthenticationServiceOld:domain=local - PAR::sandbox::12206f7953e7... authenticated new token with expiry 2026-07-26T09:08:37.985072Z
2026-07-26 14:08:53,419 [canton-env-ec-81] INFO  c.d.c.s.c.t.GrpcSequencerSubscription:participant=sandbox/domainId=local::12209aebc618 - The sequencer subscription has been terminated by the server.
2026-07-26 14:08:53,420 [canton-env-ec-25] INFO  c.d.c.s.c.t.GrpcSubscriptionErrorRetryPolicy:participant=sandbox/domainId=local::12209aebc618 - Trying to reconnect to give the sequencer the opportunity to become available again (after Connection terminated by the server.)
2026-07-26 14:08:53,421 [canton-env-ec-75] INFO  c.d.c.s.c.t.GrpcSequencerSubscription:domain=local/client=mediator - The sequencer subscription has been terminated by the server.
2026-07-26 14:08:53,421 [canton-env-ec-79] INFO  c.d.c.s.c.t.GrpcSubscriptionErrorRetryPolicy:domain=local/client=mediator - Trying to reconnect to give the sequencer the opportunity to become available again (after Connection terminated by the server.)
2026-07-26 14:08:53,422 [canton-env-ec-89] INFO  c.d.c.s.c.t.GrpcSequencerSubscription:domain=local/client=topology-manager - The sequencer subscription has been terminated by the server.
2026-07-26 14:08:53,422 [canton-env-ec-75] INFO  c.d.c.s.c.t.GrpcSubscriptionErrorRetryPolicy:domain=local/client=topology-manager - Trying to reconnect to give the sequencer the opportunity to become available again (after Connection terminated by the server.)
2026-07-26 14:08:53,426 [canton-env-ec-82] INFO  c.d.c.d.s.a.MemberAuthenticationServiceOld:domain=local - DOM::local::12209aebc618... authenticated new token with expiry 2026-07-26T09:38:53.426267Z
2026-07-26 14:08:53,426 [canton-env-ec-33] INFO  c.d.c.d.s.a.MemberAuthenticationServiceOld:domain=local - MED::local::12209aebc618... authenticated new token with expiry 2026-07-26T09:38:53.426261Z
2026-07-26 14:08:53,481 [canton-env-ec-83] INFO  c.d.c.d.s.s.GrpcSequencerService:domain=local - PAR::sandbox::12206f7953e7... subscribes from counter=162
2026-07-26 14:08:53,484 [canton-env-ec-28] INFO  c.d.c.d.s.s.GrpcSequencerService:domain=local - DOM::local::12209aebc618... subscribes from counter=21
2026-07-26 14:08:53,486 [canton-env-ec-82] INFO  c.d.c.d.s.s.GrpcSequencerService:domain=local - MED::local::12209aebc618... subscribes from counter=153
2026-07-26 14:24:02,919 [daml.index.db.connection.indexer housekeeper] WARN  com.zaxxer.hikari.pool.HikariPool - daml.index.db.connection.indexer - Thread starvation or clock leap detected (housekeeper delta=1h32s15ms).
2026-07-26 14:24:03,005 [daml.index.db.connection.api-server housekeeper] WARN  com.zaxxer.hikari.pool.HikariPool - daml.index.db.connection.api-server - Thread starvation or clock leap detected (housekeeper delta=1h32s15ms).
2026-07-26 14:39:10,071 [canton-env-ec-25] INFO  c.d.c.d.s.a.MemberAuthenticationServiceOld:domain=local - PAR::sandbox::12206f7953e7... authenticated new token with expiry 2026-07-26T10:09:10.071556Z
2026-07-26 15:24:35,833 [daml.index.db.connection.indexer housekeeper] WARN  com.zaxxer.hikari.pool.HikariPool - daml.index.db.connection.indexer - Thread starvation or clock leap detected (housekeeper delta=1h32s914ms).
2026-07-26 15:24:35,919 [daml.index.db.connection.api-server housekeeper] WARN  com.zaxxer.hikari.pool.HikariPool - daml.index.db.connection.api-server - Thread starvation or clock leap detected (housekeeper delta=1h32s914ms).
2026-07-26 15:39:42,201 [canton-env-ec-25] INFO  c.d.c.d.s.a.MemberAuthenticationServiceOld:domain=local - PAR::sandbox::12206f7953e7... authenticated new token with expiry 2026-07-26T11:09:42.200837Z
2026-07-26 16:09:58,349 [canton-env-ec-81] INFO  c.d.c.s.c.t.GrpcSequencerSubscription:participant=sandbox/domainId=local::12209aebc618 - The sequencer subscription has been terminated by the server.
2026-07-26 16:09:58,349 [canton-env-ec-28] INFO  c.d.c.s.c.t.GrpcSubscriptionErrorRetryPolicy:participant=sandbox/domainId=local::12209aebc618 - Trying to reconnect to give the sequencer the opportunity to become available again (after Connection terminated by the server.)
2026-07-26 16:09:58,351 [canton-env-ec-73] INFO  c.d.c.s.c.t.GrpcSequencerSubscription:domain=local/client=mediator - The sequencer subscription has been terminated by the server.
2026-07-26 16:09:58,351 [canton-env-ec-30] INFO  c.d.c.s.c.t.GrpcSubscriptionErrorRetryPolicy:domain=local/client=mediator - Trying to reconnect to give the sequencer the opportunity to become available again (after Connection terminated by the server.)
2026-07-26 16:09:58,351 [canton-env-ec-32] INFO  c.d.c.s.c.t.GrpcSequencerSubscription:domain=local/client=topology-manager - The sequencer subscription has been terminated by the server.
2026-07-26 16:09:58,351 [canton-env-ec-25] INFO  c.d.c.s.c.t.GrpcSubscriptionErrorRetryPolicy:domain=local/client=topology-manager - Trying to reconnect to give the sequencer the opportunity to become available again (after Connection terminated by the server.)
2026-07-26 16:09:58,353 [canton-env-ec-20] INFO  c.d.c.d.s.a.MemberAuthenticationServiceOld:domain=local - MED::local::12209aebc618... authenticated new token with expiry 2026-07-26T11:39:58.353924Z
2026-07-26 16:09:58,354 [canton-env-ec-82] INFO  c.d.c.d.s.a.MemberAuthenticationServiceOld:domain=local - DOM::local::12209aebc618... authenticated new token with expiry 2026-07-26T11:39:58.353926Z
2026-07-26 16:09:58,407 [canton-env-ec-75] INFO  c.d.c.d.s.s.GrpcSequencerService:domain=local - PAR::sandbox::12206f7953e7... subscribes from counter=162
2026-07-26 16:09:58,410 [canton-env-ec-82] INFO  c.d.c.d.s.s.GrpcSequencerService:domain=local - DOM::local::12209aebc618... subscribes from counter=21
2026-07-26 16:09:58,412 [canton-env-ec-28] INFO  c.d.c.d.s.s.GrpcSequencerService:domain=local - MED::local::12209aebc618... subscribes from counter=153
2026-07-26 16:25:07,816 [daml.index.db.connection.indexer housekeeper] WARN  com.zaxxer.hikari.pool.HikariPool - daml.index.db.connection.indexer - Thread starvation or clock leap detected (housekeeper delta=1h31s983ms).
2026-07-26 16:25:07,901 [daml.index.db.connection.api-server housekeeper] WARN  com.zaxxer.hikari.pool.HikariPool - daml.index.db.connection.api-server - Thread starvation or clock leap detected (housekeeper delta=1h31s982ms).
2026-07-26 16:40:15,124 [canton-env-ec-89] INFO  c.d.c.d.s.a.MemberAuthenticationServiceOld:domain=local - PAR::sandbox::12206f7953e7... authenticated new token with expiry 2026-07-26T12:10:15.123766Z
2026-07-26 17:25:39,754 [daml.index.db.connection.indexer housekeeper] WARN  com.zaxxer.hikari.pool.HikariPool - daml.index.db.connection.indexer - Thread starvation or clock leap detected (housekeeper delta=1h31s938ms).
2026-07-26 17:25:39,839 [daml.index.db.connection.api-server housekeeper] WARN  com.zaxxer.hikari.pool.HikariPool - daml.index.db.connection.api-server - Thread starvation or clock leap detected (housekeeper delta=1h31s938ms).
2026-07-26 17:40:46,354 [canton-env-ec-77] INFO  c.d.c.d.s.a.MemberAuthenticationServiceOld:domain=local - PAR::sandbox::12206f7953e7... authenticated new token with expiry 2026-07-26T13:10:46.353829Z
2026-07-26 17:55:57,818 [daml.index.db.threadpool.connection.indexer-13] INFO  c.d.c.p.i.MeteringAggregator:participant=sandbox - Aggregating transaction metering for LedgerMeteringEnd(Offset(Bytes(000000000000000030)),2026-07-26T08:00:00Z)
2026-07-26 17:55:57,819 [daml.index.db.threadpool.connection.indexer-13] INFO  c.d.c.p.i.MeteringAggregator:participant=sandbox - Aggregating transaction metering completed up to LedgerMeteringEnd(Offset(Bytes(000000000000000030)),2026-07-26T08:00:00Z)
2026-07-26 17:55:57,819 [daml.index.db.threadpool.connection.indexer-15] INFO  c.d.c.p.i.MeteringAggregator:participant=sandbox - Aggregating transaction metering for LedgerMeteringEnd(Offset(Bytes(000000000000000030)),2026-07-26T09:00:00Z)
2026-07-26 17:55:57,820 [daml.index.db.threadpool.connection.indexer-15] INFO  c.d.c.p.i.MeteringAggregator:participant=sandbox - Aggregating transaction metering completed up to LedgerMeteringEnd(Offset(Bytes(000000000000000030)),2026-07-26T09:00:00Z)
2026-07-26 17:55:57,820 [daml.index.db.threadpool.connection.indexer-16] INFO  c.d.c.p.i.MeteringAggregator:participant=sandbox - Aggregating transaction metering for LedgerMeteringEnd(Offset(Bytes(000000000000000030)),2026-07-26T10:00:00Z)
2026-07-26 17:55:57,820 [daml.index.db.threadpool.connection.indexer-16] INFO  c.d.c.p.i.MeteringAggregator:participant=sandbox - Aggregating transaction metering completed up to LedgerMeteringEnd(Offset(Bytes(000000000000000030)),2026-07-26T10:00:00Z)
2026-07-26 17:55:57,820 [daml.index.db.threadpool.connection.indexer-14] INFO  c.d.c.p.i.MeteringAggregator:participant=sandbox - Aggregating transaction metering for LedgerMeteringEnd(Offset(Bytes(000000000000000030)),2026-07-26T11:00:00Z)
2026-07-26 17:55:57,820 [daml.index.db.threadpool.connection.indexer-14] INFO  c.d.c.p.i.MeteringAggregator:participant=sandbox - Aggregating transaction metering completed up to LedgerMeteringEnd(Offset(Bytes(000000000000000030)),2026-07-26T11:00:00Z)
2026-07-26 17:55:57,821 [daml.index.db.threadpool.connection.indexer-14] INFO  c.d.c.p.i.MeteringAggregator:participant=sandbox - Aggregating transaction metering for LedgerMeteringEnd(Offset(Bytes(000000000000000030)),2026-07-26T12:00:00Z)
2026-07-26 17:55:57,821 [daml.index.db.threadpool.connection.indexer-14] INFO  c.d.c.p.i.MeteringAggregator:participant=sandbox - Aggregating transaction metering completed up to LedgerMeteringEnd(Offset(Bytes(000000000000000030)),2026-07-26T12:00:00Z)
2026-07-26 18:11:01,486 [canton-env-ec-30] INFO  c.d.c.s.c.t.GrpcSequencerSubscription:participant=sandbox/domainId=local::12209aebc618 - The sequencer subscription has been terminated by the server.
2026-07-26 18:11:01,486 [canton-env-ec-82] INFO  c.d.c.s.c.t.GrpcSubscriptionErrorRetryPolicy:participant=sandbox/domainId=local::12209aebc618 - Trying to reconnect to give the sequencer the opportunity to become available again (after Connection terminated by the server.)
2026-07-26 18:11:01,497 [canton-env-ec-79] INFO  c.d.c.s.c.t.GrpcSequencerSubscription:domain=local/client=mediator - The sequencer subscription has been terminated by the server.
2026-07-26 18:11:01,498 [canton-env-ec-81] INFO  c.d.c.s.c.t.GrpcSequencerSubscription:domain=local/client=topology-manager - The sequencer subscription has been terminated by the server.
2026-07-26 18:11:01,498 [canton-env-ec-75] INFO  c.d.c.s.c.t.GrpcSubscriptionErrorRetryPolicy:domain=local/client=topology-manager - Trying to reconnect to give the sequencer the opportunity to become available again (after Connection terminated by the server.)
2026-07-26 18:11:01,498 [canton-env-ec-20] INFO  c.d.c.s.c.t.GrpcSubscriptionErrorRetryPolicy:domain=local/client=mediator - Trying to reconnect to give the sequencer the opportunity to become available again (after Connection terminated by the server.)
2026-07-26 18:11:01,502 [canton-env-ec-75] INFO  c.d.c.d.s.a.MemberAuthenticationServiceOld:domain=local - MED::local::12209aebc618... authenticated new token with expiry 2026-07-26T13:41:01.502588Z
2026-07-26 18:11:01,502 [canton-env-ec-73] INFO  c.d.c.d.s.a.MemberAuthenticationServiceOld:domain=local - DOM::local::12209aebc618... authenticated new token with expiry 2026-07-26T13:41:01.502600Z
2026-07-26 18:11:01,505 [canton-env-ec-82] INFO  c.d.c.d.s.s.GrpcSequencerService:domain=local tid:4ce1ddb079a0f8ba0bb891c420337260 - 'DOM::local::12209aebc618...' sends request with id 'tick-4498f11d-913f-490d-82fc-27bf1268c12b' of size 336 bytes with 0 envelopes.
2026-07-26 18:11:01,543 [canton-env-ec-82] INFO  c.d.c.d.s.s.GrpcSequencerService:domain=local - PAR::sandbox::12206f7953e7... subscribes from counter=162
2026-07-26 18:11:01,552 [canton-env-ec-81] INFO  c.d.c.d.s.s.GrpcSequencerService:domain=local - DOM::local::12209aebc618... subscribes from counter=21
2026-07-26 18:11:01,554 [canton-env-ec-82] INFO  c.d.c.d.s.s.GrpcSequencerService:domain=local - MED::local::12209aebc618... subscribes from counter=153
2026-07-26 18:26:10,178 [daml.index.db.connection.indexer housekeeper] WARN  com.zaxxer.hikari.pool.HikariPool - daml.index.db.connection.indexer - Thread starvation or clock leap detected (housekeeper delta=1h30s424ms).
2026-07-26 18:26:10,262 [daml.index.db.connection.api-server housekeeper] WARN  com.zaxxer.hikari.pool.HikariPool - daml.index.db.connection.api-server - Thread starvation or clock leap detected (housekeeper delta=1h30s423ms).
2026-07-26 18:41:17,656 [canton-env-ec-82] INFO  c.d.c.d.s.a.MemberAuthenticationServiceOld:domain=local - PAR::sandbox::12206f7953e7... authenticated new token with expiry 2026-07-26T14:11:17.656275Z
2026-07-26 18:58:30,294 [daml.index.db.connection.indexer housekeeper] WARN  com.zaxxer.hikari.pool.HikariPool - daml.index.db.connection.indexer - Thread starvation or clock leap detected (housekeeper delta=32m20s116ms).
2026-07-26 18:58:30,379 [daml.index.db.connection.api-server housekeeper] WARN  com.zaxxer.hikari.pool.HikariPool - daml.index.db.connection.api-server - Thread starvation or clock leap detected (housekeeper delta=32m20s117ms).
2026-07-26 19:15:50,465 [canton-env-ec-81] INFO  c.d.c.d.s.s.GrpcSequencerService:domain=local tid:4b1190f6c164201bd958d7df83e7404a - 'PAR::sandbox::12206f7953e7...' sends request with id 'tick-a108af02-1d0d-4cfd-812d-6471e31dbaf9' of size 338 bytes with 0 envelopes.
2026-07-26 19:15:59,933 [canton-env-ec-89] INFO  c.d.c.s.c.t.GrpcSequencerSubscription:participant=sandbox/domainId=local::12209aebc618 - The sequencer subscription has been terminated by the server.
2026-07-26 19:15:59,935 [canton-env-ec-82] INFO  c.d.c.s.c.t.GrpcSubscriptionErrorRetryPolicy:participant=sandbox/domainId=local::12209aebc618 - Trying to reconnect to give the sequencer the opportunity to become available again (after Connection terminated by the server.)
2026-07-26 19:15:59,967 [canton-env-ec-82] INFO  c.d.c.s.c.t.GrpcSequencerSubscription:domain=local/client=mediator - The sequencer subscription has been terminated by the server.
2026-07-26 19:15:59,967 [canton-env-ec-32] INFO  c.d.c.s.c.t.GrpcSequencerSubscription:domain=local/client=topology-manager - The sequencer subscription has been terminated by the server.
2026-07-26 19:15:59,967 [canton-env-ec-73] INFO  c.d.c.s.c.t.GrpcSubscriptionErrorRetryPolicy:domain=local/client=mediator - Trying to reconnect to give the sequencer the opportunity to become available again (after Connection terminated by the server.)
2026-07-26 19:15:59,968 [canton-env-ec-20] INFO  c.d.c.s.c.t.GrpcSubscriptionErrorRetryPolicy:domain=local/client=topology-manager - Trying to reconnect to give the sequencer the opportunity to become available again (after Connection terminated by the server.)
2026-07-26 19:15:59,970 [canton-env-ec-20] INFO  c.d.c.d.s.a.MemberAuthenticationServiceOld:domain=local - MED::local::12209aebc618... authenticated new token with expiry 2026-07-26T14:45:59.970345Z
2026-07-26 19:15:59,970 [canton-env-ec-30] INFO  c.d.c.d.s.a.MemberAuthenticationServiceOld:domain=local - DOM::local::12209aebc618... authenticated new token with expiry 2026-07-26T14:45:59.970352Z
2026-07-26 19:15:59,971 [canton-env-ec-79] INFO  c.d.c.d.s.s.GrpcSequencerService:domain=local tid:f8d02e4f96e9b7c4f2d59428f2f8cbd3 - 'MED::local::12209aebc618...' sends request with id 'tick-88f0cc62-b75a-499e-9887-d13f1ef51a28' of size 336 bytes with 0 envelopes.
2026-07-26 19:15:59,992 [canton-env-ec-79] INFO  c.d.c.d.s.s.GrpcSequencerService:domain=local - PAR::sandbox::12206f7953e7... subscribes from counter=163
2026-07-26 19:16:00,021 [canton-env-ec-89] INFO  c.d.c.d.s.s.GrpcSequencerService:domain=local - DOM::local::12209aebc618... subscribes from counter=22
2026-07-26 19:16:00,023 [canton-env-ec-79] INFO  c.d.c.d.s.s.GrpcSequencerService:domain=local - MED::local::12209aebc618... subscribes from counter=153
2026-07-26 19:16:08,727 [daml.index.db.connection.indexer housekeeper] WARN  com.zaxxer.hikari.pool.HikariPool - daml.index.db.connection.indexer - Thread starvation or clock leap detected (housekeeper delta=17m38s432ms).
2026-07-26 19:16:08,810 [daml.index.db.connection.api-server housekeeper] WARN  com.zaxxer.hikari.pool.HikariPool - daml.index.db.connection.api-server - Thread starvation or clock leap detected (housekeeper delta=17m38s431ms).
2026-07-26 19:20:45,183 [daml.index.db.threadpool.connection.indexer-13] INFO  c.d.c.p.i.MeteringAggregator:participant=sandbox - Aggregating transaction metering for LedgerMeteringEnd(Offset(Bytes(000000000000000030)),2026-07-26T13:00:00Z)
2026-07-26 19:20:45,185 [daml.index.db.threadpool.connection.indexer-13] INFO  c.d.c.p.i.MeteringAggregator:participant=sandbox - Aggregating transaction metering completed up to LedgerMeteringEnd(Offset(Bytes(000000000000000030)),2026-07-26T13:00:00Z)
2026-07-26 19:31:46,889 [daml.index.db.threadpool.connection.indexer-7] INFO  c.d.c.p.i.MeteringAggregator:participant=sandbox - Aggregating transaction metering for LedgerMeteringEnd(Offset(Bytes(000000000000000030)),2026-07-26T14:00:00Z)
2026-07-26 19:31:46,892 [daml.index.db.threadpool.connection.indexer-7] INFO  c.d.c.p.i.MeteringAggregator:participant=sandbox - Aggregating transaction metering completed up to LedgerMeteringEnd(Offset(Bytes(000000000000000030)),2026-07-26T14:00:00Z)
2026-07-26 19:37:25,161 [canton-env-ec-85] INFO  c.d.c.p.a.s.a.ApiPartyManagementService:participant=sandbox tid:0919515395e987a34bbd65d8212e000c - Listing known parties.
2026-07-26 19:37:25,177 [canton-env-ec-79] INFO  c.d.c.p.a.s.c.CommandSubmissionServiceImpl:participant=sandbox tid:c2b4a1bf4bebd95509b563d421d24e8b - Phase 1 started: Submitting commands for interpretation: Commands(
  commandId = 6d7e7924-95b9-4407-b9e3-a0c076fff1ab,
  submissionId = 20ae5433-dc3e-4281-8270-fd8c7f193537,
  applicationId = programmable-money-backend,
  actAs = party-f3d1e2bc-b44a-469a-9cbc-872a85232502::12206f7953e7...,
  submittedAt = 2026-07-26T14:07:25.176782Z,
  ledgerEffectiveTime = 2026-07-26T14:07:25.176781Z,
  deduplicationPeriod = (duration=PT168H),
  ...
).
2026-07-26 19:37:25,252 [canton-env-ec-32] INFO  c.d.c.p.p.TransactionProcessor:participant=sandbox/domainId=local::12209aebc618 tid:c2b4a1bf4bebd95509b563d421d24e8b - Phase 1 completed: Submitting 3 envelopes for Transaction request, submitters party-f3d1e2bc-b44a-469a-9cbc-872a85232502::12206f7953e7..., command-id 6d7e7924-95b9-4407-b9e3-a0c076fff1ab
2026-07-26 19:37:25,255 [canton-env-ec-82] INFO  c.d.c.d.s.s.GrpcSequencerService:domain=local tid:c2b4a1bf4bebd95509b563d421d24e8b - 'PAR::sandbox::12206f7953e7...' sends request with id '5e4fe52b-3fdc-4e87-bb0c-eea4a1d2118d' of size 2730 bytes with 3 envelopes.
2026-07-26 19:37:25,263 [canton-env-ec-89] INFO  c.d.c.p.p.DefaultMessageDispatcher:participant=sandbox/domainId=local::12209aebc618 tid:c2b4a1bf4bebd95509b563d421d24e8b - Processing event at sc=164, ts=2026-07-26T14:07:25.257091Z, messageId=5e4fe52b-3fdc-4e87-bb0c-eea4a1d2118d, with contents=Seq(RootHashMessage(root hash = SHA-256:16689782fdd1..., payload size = 0), EncryptedViewMessageV2(view hash = ViewHash(SHA-256:7fd75932c59e...), view type = TransactionViewType, size = 1243))
2026-07-26 19:37:25,264 [canton-env-ec-73] INFO  c.d.c.p.p.TransactionProcessor:participant=sandbox/domainId=local::12209aebc618 tid:c2b4a1bf4bebd95509b563d421d24e8b - Phase 3: Validating Transaction request=2026-07-26T14:07:25.257091Z with 1 envelope(s)
2026-07-26 19:37:25,265 [canton-env-ec-83] INFO  c.d.c.d.m.ConfirmationResponseProcessor:domain=local/node=mediator tid:c2b4a1bf4bebd95509b563d421d24e8b - Phase 2: Registered request=2026-07-26T14:07:25.257091Z with 1 view(s). Initial state: ViewPosition("") -> ViewState(
  quorumsState = Seq(Quorum(confirmers = party-f3d1e2bc-b44a-469a-9cbc-872a85232502::12206f7953e7... -> 1, threshold = 1), Quorum(confirmers = sandbox::12206f7953e7... -> 1, threshold = 1)),
  consortiumVoting = Map(party-f3d1e2bc-b44a-469a-9cbc-872a85232502::12206f7953e7... -> ConsortiumVotingState(), sandbox::12206f7953e7... -> ConsortiumVotingState()),
  rejections = Seq()
)
2026-07-26 19:37:25,322 [canton-env-ec-33] INFO  c.d.c.p.p.TransactionProcessor:participant=sandbox/domainId=local::12209aebc618 tid:c2b4a1bf4bebd95509b563d421d24e8b - Phase 4: Sending for request=2026-07-26T14:07:25.257091Z with msgId=8fd2f053-9e37-4855-9099-35ac3dc7643b approved=1, rejected=0
2026-07-26 19:37:25,323 [canton-env-ec-28] INFO  c.d.c.d.s.s.GrpcSequencerService:domain=local tid:c2b4a1bf4bebd95509b563d421d24e8b - 'PAR::sandbox::12206f7953e7...' sends request with id '8fd2f053-9e37-4855-9099-35ac3dc7643b' of size 760 bytes with 1 envelopes.
2026-07-26 19:37:25,326 [canton-env-ec-89] INFO  c.d.c.p.p.DefaultMessageDispatcher:participant=sandbox/domainId=local::12209aebc618 tid:c2b4a1bf4bebd95509b563d421d24e8b - Processing event at sc=165, ts=2026-07-26T14:07:25.324135Z, messageId=8fd2f053-9e37-4855-9099-35ac3dc7643b, with contents=Seq()
2026-07-26 19:37:25,326 [canton-env-ec-30] INFO  c.d.c.d.m.ConfirmationResponseProcessor:domain=local/node=mediator tid:c2b4a1bf4bebd95509b563d421d24e8b - Phase 5: Received responses for request=RequestId(2026-07-26T14:07:25.257091Z): ParticipantResponse(sender = PAR::sandbox::12206f7953e7..., ts = 2026-07-26T14:07:25.324135Z, approved = 1)
2026-07-26 19:37:25,327 [canton-env-ec-79] INFO  c.d.c.d.m.ConfirmationResponseProcessor:domain=local/node=mediator tid:c2b4a1bf4bebd95509b563d421d24e8b - Phase 6: Finalized request=RequestId(2026-07-26T14:07:25.257091Z) with verdict Approve
2026-07-26 19:37:25,329 [canton-env-ec-79] INFO  c.d.c.d.s.s.GrpcSequencerService:domain=local tid:c2b4a1bf4bebd95509b563d421d24e8b - 'MED::local::12209aebc618...' sends request with id 'mmid:verdict:1785074845257091' of size 693 bytes with 1 envelopes.
2026-07-26 19:37:25,332 [canton-env-ec-81] INFO  c.d.c.p.p.DefaultMessageDispatcher:participant=sandbox/domainId=local::12209aebc618 tid:c2b4a1bf4bebd95509b563d421d24e8b - Processing event at sc=166, ts=2026-07-26T14:07:25.329816Z, with contents=SignedProtocolMessage(
  TransactionResultMessage(requestId = 2026-07-26T14:07:25.257091Z, verdict = Approve, rootHash = SHA-256:16689782fdd1..., domainId = local::12209aebc618...),
  signatures = Signature(signature = 43656eeed0e4, signedBy = 1220382abd91...)
)
2026-07-26 19:37:25,334 [input-mapping-pool-0] INFO  c.d.c.p.i.p.ParallelIndexerSubscription:participant=sandbox tid:c2b4a1bf4bebd95509b563d421d24e8b - Phase 7: Storing at offset=000000000000000031 TransactionAccepted(
  recordTime = 2026-07-26T14:07:25.257091Z,
  transactionId = 122016689782fdd14be079f6cf30990690c0517295d3110f65c309165973e6bcded2,
  transactionMeta = TransactionMeta(ledgerEffectiveTime = 2026-07-26T14:07:25.176781Z, submissionTime = 2026-07-26T14:07:25.176781Z, domainId = local::12209aebc618..., ...),
  completion = CompletionInfo(
    actAs = party-f3d1e2bc-b44a-469a-9cbc-872a85232502::12206f7953e7...,
    commandId = 6d7e7924-95b9-4407-b9e3-a0c076fff1ab,
    applicationId = programmable-money-backend,
    deduplication period = (offset=Offset(Bytes(000000000000000001))),
    submissionId = Some(20ae5433-dc3e-4281-8270-fd8c7f193537),
    ...
  ),
  nodes = 1,
  roots = 1,
  ...
)
2026-07-26 19:37:25,338 [canton-env-ec-82] INFO  c.d.c.p.a.s.t.TransactionServiceImpl:participant=sandbox - Received request for flat transaction by ID, ledgerId -> 'sandbox', transactionId -> '122016689782fdd14be079f6cf30990690c0517295d3110f65c309165973e6bcded2', parties -> ['party-f3d1e2bc-b44a-469a-9cbc-872a85232502::12206f7953e7edc58874bebcb1ffbf758c4c4520e4ffe5754a182572d56a9b99179b'].
2026-07-26 19:37:25,347 [canton-env-ec-28] INFO  c.d.c.p.a.s.c.CommandSubmissionServiceImpl:participant=sandbox tid:2f561144bd4bcbaa8c34c9b15a5852fd - Phase 1 started: Submitting commands for interpretation: Commands(
  commandId = 04395688-0541-4cb6-83a8-16171ecfbc2f,
  submissionId = e85fc062-68ad-40e5-b99a-274bf6960875,
  applicationId = programmable-money-backend,
  actAs = party-f3d1e2bc-b44a-469a-9cbc-872a85232502::12206f7953e7...,
  submittedAt = 2026-07-26T14:07:25.346900Z,
  ledgerEffectiveTime = 2026-07-26T14:07:25.346899Z,
  deduplicationPeriod = (duration=PT168H),
  ...
).
2026-07-26 19:37:25,352 [canton-env-ec-20] INFO  c.d.c.p.p.TransactionProcessor:participant=sandbox/domainId=local::12209aebc618 tid:2f561144bd4bcbaa8c34c9b15a5852fd - Phase 1 completed: Submitting 3 envelopes for Transaction request, submitters party-f3d1e2bc-b44a-469a-9cbc-872a85232502::12206f7953e7..., command-id 04395688-0541-4cb6-83a8-16171ecfbc2f
2026-07-26 19:37:25,353 [canton-env-ec-89] INFO  c.d.c.d.s.s.GrpcSequencerService:domain=local tid:2f561144bd4bcbaa8c34c9b15a5852fd - 'PAR::sandbox::12206f7953e7...' sends request with id '7caea9f6-849b-4b5f-a65d-c978acfa7c3a' of size 2735 bytes with 3 envelopes.
2026-07-26 19:37:25,356 [canton-env-ec-20] INFO  c.d.c.p.p.DefaultMessageDispatcher:participant=sandbox/domainId=local::12209aebc618 tid:2f561144bd4bcbaa8c34c9b15a5852fd - Processing event at sc=167, ts=2026-07-26T14:07:25.354454Z, messageId=7caea9f6-849b-4b5f-a65d-c978acfa7c3a, with contents=Seq(RootHashMessage(root hash = SHA-256:1eb932c83fb8..., payload size = 0), EncryptedViewMessageV2(view hash = ViewHash(SHA-256:9684614e6eb1...), view type = TransactionViewType, size = 1247))
2026-07-26 19:37:25,357 [canton-env-ec-32] INFO  c.d.c.p.p.TransactionProcessor:participant=sandbox/domainId=local::12209aebc618 tid:2f561144bd4bcbaa8c34c9b15a5852fd - Phase 3: Validating Transaction request=2026-07-26T14:07:25.354454Z with 1 envelope(s)
2026-07-26 19:37:25,358 [canton-env-ec-75] INFO  c.d.c.d.m.ConfirmationResponseProcessor:domain=local/node=mediator tid:2f561144bd4bcbaa8c34c9b15a5852fd - Phase 2: Registered request=2026-07-26T14:07:25.354454Z with 1 view(s). Initial state: ViewPosition("") -> ViewState(
  quorumsState = Seq(Quorum(confirmers = party-f3d1e2bc-b44a-469a-9cbc-872a85232502::12206f7953e7... -> 1, threshold = 1), Quorum(confirmers = sandbox::12206f7953e7... -> 1, threshold = 1)),
  consortiumVoting = Map(party-f3d1e2bc-b44a-469a-9cbc-872a85232502::12206f7953e7... -> ConsortiumVotingState(), sandbox::12206f7953e7... -> ConsortiumVotingState()),
  rejections = Seq()
)
2026-07-26 19:37:25,362 [canton-env-ec-82] INFO  c.d.c.p.p.TransactionProcessor:participant=sandbox/domainId=local::12209aebc618 tid:2f561144bd4bcbaa8c34c9b15a5852fd - Phase 4: Sending for request=2026-07-26T14:07:25.354454Z with msgId=085ed36f-b06d-4f66-a288-af8fe3a13bbb approved=1, rejected=0
2026-07-26 19:37:25,363 [canton-env-ec-82] INFO  c.d.c.d.s.s.GrpcSequencerService:domain=local tid:2f561144bd4bcbaa8c34c9b15a5852fd - 'PAR::sandbox::12206f7953e7...' sends request with id '085ed36f-b06d-4f66-a288-af8fe3a13bbb' of size 756 bytes with 1 envelopes.
2026-07-26 19:37:25,366 [canton-env-ec-82] INFO  c.d.c.p.p.DefaultMessageDispatcher:participant=sandbox/domainId=local::12209aebc618 tid:2f561144bd4bcbaa8c34c9b15a5852fd - Processing event at sc=168, ts=2026-07-26T14:07:25.364481Z, messageId=085ed36f-b06d-4f66-a288-af8fe3a13bbb, with contents=Seq()
2026-07-26 19:37:25,366 [canton-env-ec-82] INFO  c.d.c.d.m.ConfirmationResponseProcessor:domain=local/node=mediator tid:2f561144bd4bcbaa8c34c9b15a5852fd - Phase 5: Received responses for request=RequestId(2026-07-26T14:07:25.354454Z): ParticipantResponse(sender = PAR::sandbox::12206f7953e7..., ts = 2026-07-26T14:07:25.364481Z, approved = 1)
2026-07-26 19:37:25,367 [canton-env-ec-73] INFO  c.d.c.d.m.ConfirmationResponseProcessor:domain=local/node=mediator tid:2f561144bd4bcbaa8c34c9b15a5852fd - Phase 6: Finalized request=RequestId(2026-07-26T14:07:25.354454Z) with verdict Approve
2026-07-26 19:37:25,368 [canton-env-ec-89] INFO  c.d.c.d.s.s.GrpcSequencerService:domain=local tid:2f561144bd4bcbaa8c34c9b15a5852fd - 'MED::local::12209aebc618...' sends request with id 'mmid:verdict:1785074845354454' of size 699 bytes with 1 envelopes.
2026-07-26 19:37:25,370 [canton-env-ec-32] INFO  c.d.c.p.p.DefaultMessageDispatcher:participant=sandbox/domainId=local::12209aebc618 tid:2f561144bd4bcbaa8c34c9b15a5852fd - Processing event at sc=169, ts=2026-07-26T14:07:25.368874Z, with contents=SignedProtocolMessage(
  TransactionResultMessage(requestId = 2026-07-26T14:07:25.354454Z, verdict = Approve, rootHash = SHA-256:1eb932c83fb8..., domainId = local::12209aebc618...),
  signatures = Signature(signature = 073e78eae54e, signedBy = 1220382abd91...)
)
2026-07-26 19:37:25,372 [input-mapping-pool-1] INFO  c.d.c.p.i.p.ParallelIndexerSubscription:participant=sandbox tid:2f561144bd4bcbaa8c34c9b15a5852fd - Phase 7: Storing at offset=000000000000000032 TransactionAccepted(
  recordTime = 2026-07-26T14:07:25.354454Z,
  transactionId = 12201eb932c83fb86d471abd3610a2901015b747d8e3ea748bea26658a5f863f2720,
  transactionMeta = TransactionMeta(ledgerEffectiveTime = 2026-07-26T14:07:25.346899Z, submissionTime = 2026-07-26T14:07:25.346899Z, domainId = local::12209aebc618..., ...),
  completion = CompletionInfo(
    actAs = party-f3d1e2bc-b44a-469a-9cbc-872a85232502::12206f7953e7...,
    commandId = 04395688-0541-4cb6-83a8-16171ecfbc2f,
    applicationId = programmable-money-backend,
    deduplication period = (offset=Offset(Bytes(000000000000000001))),
    submissionId = Some(e85fc062-68ad-40e5-b99a-274bf6960875),
    ...
  ),
  nodes = 1,
  roots = 1,
  ...
)
2026-07-26 19:37:25,374 [canton-env-ec-79] INFO  c.d.c.p.a.s.t.TransactionServiceImpl:participant=sandbox - Received request for flat transaction by ID, ledgerId -> 'sandbox', transactionId -> '12201eb932c83fb86d471abd3610a2901015b747d8e3ea748bea26658a5f863f2720', parties -> ['party-f3d1e2bc-b44a-469a-9cbc-872a85232502::12206f7953e7edc58874bebcb1ffbf758c4c4520e4ffe5754a182572d56a9b99179b'].
2026-07-26 19:37:25,381 [canton-env-ec-79] INFO  c.d.c.p.a.s.c.CommandSubmissionServiceImpl:participant=sandbox tid:063053dd6e6456de53b787c5d401a9d1 - Phase 1 started: Submitting commands for interpretation: Commands(
  commandId = 37fe5b1d-ae5c-40a3-b941-93377d82a3cb,
  submissionId = 6f17c926-dc1f-4ea1-9253-8876f96e1418,
  applicationId = programmable-money-backend,
  actAs = party-f3d1e2bc-b44a-469a-9cbc-872a85232502::12206f7953e7...,
  submittedAt = 2026-07-26T14:07:25.380888Z,
  ledgerEffectiveTime = 2026-07-26T14:07:25.380887Z,
  deduplicationPeriod = (duration=PT168H),
  ...
).
2026-07-26 19:37:25,386 [canton-env-ec-82] INFO  c.d.c.p.p.TransactionProcessor:participant=sandbox/domainId=local::12209aebc618 tid:063053dd6e6456de53b787c5d401a9d1 - Phase 1 completed: Submitting 3 envelopes for Transaction request, submitters party-f3d1e2bc-b44a-469a-9cbc-872a85232502::12206f7953e7..., command-id 37fe5b1d-ae5c-40a3-b941-93377d82a3cb
2026-07-26 19:37:25,387 [canton-env-ec-79] INFO  c.d.c.d.s.s.GrpcSequencerService:domain=local tid:063053dd6e6456de53b787c5d401a9d1 - 'PAR::sandbox::12206f7953e7...' sends request with id '95261578-7e7c-4518-b6d3-267b6bc1c50c' of size 2737 bytes with 3 envelopes.
2026-07-26 19:37:25,389 [canton-env-ec-30] INFO  c.d.c.p.p.DefaultMessageDispatcher:participant=sandbox/domainId=local::12209aebc618 tid:063053dd6e6456de53b787c5d401a9d1 - Processing event at sc=170, ts=2026-07-26T14:07:25.387964Z, messageId=95261578-7e7c-4518-b6d3-267b6bc1c50c, with contents=Seq(RootHashMessage(root hash = SHA-256:84904c6e5e41..., payload size = 0), EncryptedViewMessageV2(view hash = ViewHash(SHA-256:43b7813b60b9...), view type = TransactionViewType, size = 1239))
2026-07-26 19:37:25,390 [canton-env-ec-81] INFO  c.d.c.p.p.TransactionProcessor:participant=sandbox/domainId=local::12209aebc618 tid:063053dd6e6456de53b787c5d401a9d1 - Phase 3: Validating Transaction request=2026-07-26T14:07:25.387964Z with 1 envelope(s)
2026-07-26 19:37:25,391 [canton-env-ec-74] INFO  c.d.c.d.m.ConfirmationResponseProcessor:domain=local/node=mediator tid:063053dd6e6456de53b787c5d401a9d1 - Phase 2: Registered request=2026-07-26T14:07:25.387964Z with 1 view(s). Initial state: ViewPosition("") -> ViewState(
  quorumsState = Seq(Quorum(confirmers = party-f3d1e2bc-b44a-469a-9cbc-872a85232502::12206f7953e7... -> 1, threshold = 1), Quorum(confirmers = sandbox::12206f7953e7... -> 1, threshold = 1)),
  consortiumVoting = Map(party-f3d1e2bc-b44a-469a-9cbc-872a85232502::12206f7953e7... -> ConsortiumVotingState(), sandbox::12206f7953e7... -> ConsortiumVotingState()),
  rejections = Seq()
)
2026-07-26 19:37:25,395 [canton-env-ec-33] INFO  c.d.c.p.p.TransactionProcessor:participant=sandbox/domainId=local::12209aebc618 tid:063053dd6e6456de53b787c5d401a9d1 - Phase 4: Sending for request=2026-07-26T14:07:25.387964Z with msgId=65df3034-19b9-4c0e-91fe-4703f860ca41 approved=1, rejected=0
2026-07-26 19:37:25,396 [canton-env-ec-33] INFO  c.d.c.d.s.s.GrpcSequencerService:domain=local tid:063053dd6e6456de53b787c5d401a9d1 - 'PAR::sandbox::12206f7953e7...' sends request with id '65df3034-19b9-4c0e-91fe-4703f860ca41' of size 753 bytes with 1 envelopes.
2026-07-26 19:37:25,398 [canton-env-ec-75] INFO  c.d.c.p.p.DefaultMessageDispatcher:participant=sandbox/domainId=local::12209aebc618 tid:063053dd6e6456de53b787c5d401a9d1 - Processing event at sc=171, ts=2026-07-26T14:07:25.397269Z, messageId=65df3034-19b9-4c0e-91fe-4703f860ca41, with contents=Seq()
2026-07-26 19:37:25,399 [canton-env-ec-32] INFO  c.d.c.d.m.ConfirmationResponseProcessor:domain=local/node=mediator tid:063053dd6e6456de53b787c5d401a9d1 - Phase 5: Received responses for request=RequestId(2026-07-26T14:07:25.387964Z): ParticipantResponse(sender = PAR::sandbox::12206f7953e7..., ts = 2026-07-26T14:07:25.397269Z, approved = 1)
2026-07-26 19:37:25,399 [canton-env-ec-75] INFO  c.d.c.d.m.ConfirmationResponseProcessor:domain=local/node=mediator tid:063053dd6e6456de53b787c5d401a9d1 - Phase 6: Finalized request=RequestId(2026-07-26T14:07:25.387964Z) with verdict Approve
2026-07-26 19:37:25,401 [canton-env-ec-32] INFO  c.d.c.d.s.s.GrpcSequencerService:domain=local tid:063053dd6e6456de53b787c5d401a9d1 - 'MED::local::12209aebc618...' sends request with id 'mmid:verdict:1785074845387964' of size 701 bytes with 1 envelopes.
2026-07-26 19:37:25,403 [canton-env-ec-28] INFO  c.d.c.p.p.DefaultMessageDispatcher:participant=sandbox/domainId=local::12209aebc618 tid:063053dd6e6456de53b787c5d401a9d1 - Processing event at sc=172, ts=2026-07-26T14:07:25.401868Z, with contents=SignedProtocolMessage(
  TransactionResultMessage(requestId = 2026-07-26T14:07:25.387964Z, verdict = Approve, rootHash = SHA-256:84904c6e5e41..., domainId = local::12209aebc618...),
  signatures = Signature(signature = 9e63d5cd5b40, signedBy = 1220382abd91...)
)
2026-07-26 19:37:25,405 [input-mapping-pool-2] INFO  c.d.c.p.i.p.ParallelIndexerSubscription:participant=sandbox tid:063053dd6e6456de53b787c5d401a9d1 - Phase 7: Storing at offset=000000000000000033 TransactionAccepted(
  recordTime = 2026-07-26T14:07:25.387964Z,
  transactionId = 122084904c6e5e41a216903311088992df00aca9a3627ed9350aeb50a7e780cce923,
  transactionMeta = TransactionMeta(ledgerEffectiveTime = 2026-07-26T14:07:25.380887Z, submissionTime = 2026-07-26T14:07:25.380887Z, domainId = local::12209aebc618..., ...),
  completion = CompletionInfo(
    actAs = party-f3d1e2bc-b44a-469a-9cbc-872a85232502::12206f7953e7...,
    commandId = 37fe5b1d-ae5c-40a3-b941-93377d82a3cb,
    applicationId = programmable-money-backend,
    deduplication period = (offset=Offset(Bytes(000000000000000001))),
    submissionId = Some(6f17c926-dc1f-4ea1-9253-8876f96e1418),
    ...
  ),
  nodes = 1,
  roots = 1,
  ...
)
2026-07-26 19:37:25,407 [canton-env-ec-81] INFO  c.d.c.p.a.s.t.TransactionServiceImpl:participant=sandbox - Received request for flat transaction by ID, ledgerId -> 'sandbox', transactionId -> '122084904c6e5e41a216903311088992df00aca9a3627ed9350aeb50a7e780cce923', parties -> ['party-f3d1e2bc-b44a-469a-9cbc-872a85232502::12206f7953e7edc58874bebcb1ffbf758c4c4520e4ffe5754a182572d56a9b99179b'].
2026-07-26 19:37:25,414 [canton-env-ec-81] INFO  c.d.c.p.a.s.c.CommandSubmissionServiceImpl:participant=sandbox tid:84f57cfe7814cffddabcbca683087f94 - Phase 1 started: Submitting commands for interpretation: Commands(
  commandId = 67fc6539-a1d0-4eb0-94e0-ec10f62677eb,
  submissionId = ce5c9f50-03d8-4158-9efd-f54e7a7a1119,
  applicationId = programmable-money-backend,
  actAs = party-f3d1e2bc-b44a-469a-9cbc-872a85232502::12206f7953e7...,
  submittedAt = 2026-07-26T14:07:25.414256Z,
  ledgerEffectiveTime = 2026-07-26T14:07:25.414255Z,
  deduplicationPeriod = (duration=PT168H),
  ...
).
2026-07-26 19:37:25,420 [canton-env-ec-28] INFO  c.d.c.p.p.TransactionProcessor:participant=sandbox/domainId=local::12209aebc618 tid:84f57cfe7814cffddabcbca683087f94 - Phase 1 completed: Submitting 3 envelopes for Transaction request, submitters party-f3d1e2bc-b44a-469a-9cbc-872a85232502::12206f7953e7..., command-id 67fc6539-a1d0-4eb0-94e0-ec10f62677eb
2026-07-26 19:37:25,421 [canton-env-ec-77] INFO  c.d.c.d.s.s.GrpcSequencerService:domain=local tid:84f57cfe7814cffddabcbca683087f94 - 'PAR::sandbox::12206f7953e7...' sends request with id 'ac918416-251b-453d-936e-406b5c4939ae' of size 2956 bytes with 3 envelopes.
2026-07-26 19:37:25,423 [canton-env-ec-83] INFO  c.d.c.p.p.DefaultMessageDispatcher:participant=sandbox/domainId=local::12209aebc618 tid:84f57cfe7814cffddabcbca683087f94 - Processing event at sc=173, ts=2026-07-26T14:07:25.421795Z, messageId=ac918416-251b-453d-936e-406b5c4939ae, with contents=Seq(RootHashMessage(root hash = SHA-256:e47e38411768..., payload size = 0), EncryptedViewMessageV2(view hash = ViewHash(SHA-256:6c99aea577c0...), view type = TransactionViewType, size = 1468))
2026-07-26 19:37:25,424 [canton-env-ec-77] INFO  c.d.c.p.p.TransactionProcessor:participant=sandbox/domainId=local::12209aebc618 tid:84f57cfe7814cffddabcbca683087f94 - Phase 3: Validating Transaction request=2026-07-26T14:07:25.421795Z with 1 envelope(s)
2026-07-26 19:37:25,424 [canton-env-ec-20] INFO  c.d.c.d.m.ConfirmationResponseProcessor:domain=local/node=mediator tid:84f57cfe7814cffddabcbca683087f94 - Phase 2: Registered request=2026-07-26T14:07:25.421795Z with 1 view(s). Initial state: ViewPosition("") -> ViewState(
  quorumsState = Seq(Quorum(confirmers = party-f3d1e2bc-b44a-469a-9cbc-872a85232502::12206f7953e7... -> 1, threshold = 1), Quorum(confirmers = sandbox::12206f7953e7... -> 1, threshold = 1)),
  consortiumVoting = Map(party-f3d1e2bc-b44a-469a-9cbc-872a85232502::12206f7953e7... -> ConsortiumVotingState(), sandbox::12206f7953e7... -> ConsortiumVotingState()),
  rejections = Seq()
)
2026-07-26 19:37:25,430 [canton-env-ec-85] INFO  c.d.c.p.p.TransactionProcessor:participant=sandbox/domainId=local::12209aebc618 tid:84f57cfe7814cffddabcbca683087f94 - Phase 4: Sending for request=2026-07-26T14:07:25.421795Z with msgId=7a5e6530-6a27-48b9-ae04-72ac500fe1fd approved=1, rejected=0
2026-07-26 19:37:25,431 [canton-env-ec-28] INFO  c.d.c.d.s.s.GrpcSequencerService:domain=local tid:84f57cfe7814cffddabcbca683087f94 - 'PAR::sandbox::12206f7953e7...' sends request with id '7a5e6530-6a27-48b9-ae04-72ac500fe1fd' of size 757 bytes with 1 envelopes.
2026-07-26 19:37:25,433 [canton-env-ec-85] INFO  c.d.c.p.p.DefaultMessageDispatcher:participant=sandbox/domainId=local::12209aebc618 tid:84f57cfe7814cffddabcbca683087f94 - Processing event at sc=174, ts=2026-07-26T14:07:25.431697Z, messageId=7a5e6530-6a27-48b9-ae04-72ac500fe1fd, with contents=Seq()
2026-07-26 19:37:25,433 [canton-env-ec-28] INFO  c.d.c.d.m.ConfirmationResponseProcessor:domain=local/node=mediator tid:84f57cfe7814cffddabcbca683087f94 - Phase 5: Received responses for request=RequestId(2026-07-26T14:07:25.421795Z): ParticipantResponse(sender = PAR::sandbox::12206f7953e7..., ts = 2026-07-26T14:07:25.431697Z, approved = 1)
2026-07-26 19:37:25,434 [canton-env-ec-77] INFO  c.d.c.d.m.ConfirmationResponseProcessor:domain=local/node=mediator tid:84f57cfe7814cffddabcbca683087f94 - Phase 6: Finalized request=RequestId(2026-07-26T14:07:25.421795Z) with verdict Approve
2026-07-26 19:37:25,435 [canton-env-ec-83] INFO  c.d.c.d.s.s.GrpcSequencerService:domain=local tid:84f57cfe7814cffddabcbca683087f94 - 'MED::local::12209aebc618...' sends request with id 'mmid:verdict:1785074845421795' of size 697 bytes with 1 envelopes.
2026-07-26 19:37:25,437 [canton-env-ec-81] INFO  c.d.c.p.p.DefaultMessageDispatcher:participant=sandbox/domainId=local::12209aebc618 tid:84f57cfe7814cffddabcbca683087f94 - Processing event at sc=175, ts=2026-07-26T14:07:25.435862Z, with contents=SignedProtocolMessage(
  TransactionResultMessage(requestId = 2026-07-26T14:07:25.421795Z, verdict = Approve, rootHash = SHA-256:e47e38411768..., domainId = local::12209aebc618...),
  signatures = Signature(signature = abed16dab692, signedBy = 1220382abd91...)
)
2026-07-26 19:37:25,439 [input-mapping-pool-3] INFO  c.d.c.p.i.p.ParallelIndexerSubscription:participant=sandbox tid:84f57cfe7814cffddabcbca683087f94 - Phase 7: Storing at offset=000000000000000034 TransactionAccepted(
  recordTime = 2026-07-26T14:07:25.421795Z,
  transactionId = 1220e47e38411768cc4560cf448102ef3d4e86c611e71e1c7df75f84e0732457fff2,
  transactionMeta = TransactionMeta(ledgerEffectiveTime = 2026-07-26T14:07:25.414255Z, submissionTime = 2026-07-26T14:07:25.414255Z, domainId = local::12209aebc618..., ...),
  completion = CompletionInfo(
    actAs = party-f3d1e2bc-b44a-469a-9cbc-872a85232502::12206f7953e7...,
    commandId = 67fc6539-a1d0-4eb0-94e0-ec10f62677eb,
    applicationId = programmable-money-backend,
    deduplication period = (offset=Offset(Bytes(000000000000000001))),
    submissionId = Some(ce5c9f50-03d8-4158-9efd-f54e7a7a1119),
    ...
  ),
  nodes = 2,
  roots = 1,
  ...
)
2026-07-26 19:37:25,441 [canton-env-ec-74] INFO  c.d.c.p.a.s.t.TransactionServiceImpl:participant=sandbox - Received request for transaction by ID, ledgerId -> 'sandbox', transactionId -> '1220e47e38411768cc4560cf448102ef3d4e86c611e71e1c7df75f84e0732457fff2', parties -> ['party-f3d1e2bc-b44a-469a-9cbc-872a85232502::12206f7953e7edc58874bebcb1ffbf758c4c4520e4ffe5754a182572d56a9b99179b'].
2026-07-26 19:37:25,450 [canton-env-ec-74] INFO  c.d.c.p.a.s.c.CommandSubmissionServiceImpl:participant=sandbox tid:75d6f1dd49cfd4ac55fcf28ae1839930 - Phase 1 started: Submitting commands for interpretation: Commands(
  commandId = 70b9163a-8514-4501-a801-06774670113c,
  submissionId = 789fc00e-052a-4c86-835d-c4c112a255b6,
  applicationId = programmable-money-backend,
  actAs = party-f3d1e2bc-b44a-469a-9cbc-872a85232502::12206f7953e7...,
  submittedAt = 2026-07-26T14:07:25.450573Z,
  ledgerEffectiveTime = 2026-07-26T14:07:25.450573Z,
  deduplicationPeriod = (duration=PT168H),
  ...
).
2026-07-26 19:37:25,455 [canton-env-ec-79] INFO  c.d.c.p.p.TransactionProcessor:participant=sandbox/domainId=local::12209aebc618 tid:75d6f1dd49cfd4ac55fcf28ae1839930 - Phase 1 completed: Submitting 3 envelopes for Transaction request, submitters party-f3d1e2bc-b44a-469a-9cbc-872a85232502::12206f7953e7..., command-id 70b9163a-8514-4501-a801-06774670113c
2026-07-26 19:37:25,457 [canton-env-ec-89] INFO  c.d.c.d.s.s.GrpcSequencerService:domain=local tid:75d6f1dd49cfd4ac55fcf28ae1839930 - 'PAR::sandbox::12206f7953e7...' sends request with id 'ae0d3a7d-e945-4194-892a-28b3edb0ca2f' of size 2733 bytes with 3 envelopes.
2026-07-26 19:37:25,459 [canton-env-ec-33] INFO  c.d.c.p.p.DefaultMessageDispatcher:participant=sandbox/domainId=local::12209aebc618 tid:75d6f1dd49cfd4ac55fcf28ae1839930 - Processing event at sc=176, ts=2026-07-26T14:07:25.457769Z, messageId=ae0d3a7d-e945-4194-892a-28b3edb0ca2f, with contents=Seq(RootHashMessage(root hash = SHA-256:66c1251cb6b0..., payload size = 0), EncryptedViewMessageV2(view hash = ViewHash(SHA-256:7acc698eb850...), view type = TransactionViewType, size = 1246))
2026-07-26 19:37:25,460 [canton-env-ec-30] INFO  c.d.c.p.p.TransactionProcessor:participant=sandbox/domainId=local::12209aebc618 tid:75d6f1dd49cfd4ac55fcf28ae1839930 - Phase 3: Validating Transaction request=2026-07-26T14:07:25.457769Z with 1 envelope(s)
2026-07-26 19:37:25,460 [canton-env-ec-33] INFO  c.d.c.d.m.ConfirmationResponseProcessor:domain=local/node=mediator tid:75d6f1dd49cfd4ac55fcf28ae1839930 - Phase 2: Registered request=2026-07-26T14:07:25.457769Z with 1 view(s). Initial state: ViewPosition("") -> ViewState(
  quorumsState = Seq(Quorum(confirmers = party-f3d1e2bc-b44a-469a-9cbc-872a85232502::12206f7953e7... -> 1, threshold = 1), Quorum(confirmers = sandbox::12206f7953e7... -> 1, threshold = 1)),
  consortiumVoting = Map(party-f3d1e2bc-b44a-469a-9cbc-872a85232502::12206f7953e7... -> ConsortiumVotingState(), sandbox::12206f7953e7... -> ConsortiumVotingState()),
  rejections = Seq()
)
2026-07-26 19:37:25,465 [canton-env-ec-28] INFO  c.d.c.p.p.TransactionProcessor:participant=sandbox/domainId=local::12209aebc618 tid:75d6f1dd49cfd4ac55fcf28ae1839930 - Phase 4: Sending for request=2026-07-26T14:07:25.457769Z with msgId=f447b95b-2d80-4fa2-96a7-237453b74667 approved=1, rejected=0
2026-07-26 19:37:25,466 [canton-env-ec-33] INFO  c.d.c.d.s.s.GrpcSequencerService:domain=local tid:75d6f1dd49cfd4ac55fcf28ae1839930 - 'PAR::sandbox::12206f7953e7...' sends request with id 'f447b95b-2d80-4fa2-96a7-237453b74667' of size 759 bytes with 1 envelopes.
2026-07-26 19:37:25,468 [canton-env-ec-32] INFO  c.d.c.p.p.DefaultMessageDispatcher:participant=sandbox/domainId=local::12209aebc618 tid:75d6f1dd49cfd4ac55fcf28ae1839930 - Processing event at sc=177, ts=2026-07-26T14:07:25.466826Z, messageId=f447b95b-2d80-4fa2-96a7-237453b74667, with contents=Seq()
2026-07-26 19:37:25,468 [canton-env-ec-77] INFO  c.d.c.d.m.ConfirmationResponseProcessor:domain=local/node=mediator tid:75d6f1dd49cfd4ac55fcf28ae1839930 - Phase 5: Received responses for request=RequestId(2026-07-26T14:07:25.457769Z): ParticipantResponse(sender = PAR::sandbox::12206f7953e7..., ts = 2026-07-26T14:07:25.466826Z, approved = 1)
2026-07-26 19:37:25,469 [canton-env-ec-79] INFO  c.d.c.d.m.ConfirmationResponseProcessor:domain=local/node=mediator tid:75d6f1dd49cfd4ac55fcf28ae1839930 - Phase 6: Finalized request=RequestId(2026-07-26T14:07:25.457769Z) with verdict Approve
2026-07-26 19:37:25,470 [canton-env-ec-79] INFO  c.d.c.d.s.s.GrpcSequencerService:domain=local tid:75d6f1dd49cfd4ac55fcf28ae1839930 - 'MED::local::12209aebc618...' sends request with id 'mmid:verdict:1785074845457769' of size 706 bytes with 1 envelopes.
2026-07-26 19:37:25,472 [canton-env-ec-33] INFO  c.d.c.p.p.DefaultMessageDispatcher:participant=sandbox/domainId=local::12209aebc618 tid:75d6f1dd49cfd4ac55fcf28ae1839930 - Processing event at sc=178, ts=2026-07-26T14:07:25.471101Z, with contents=SignedProtocolMessage(
  TransactionResultMessage(requestId = 2026-07-26T14:07:25.457769Z, verdict = Approve, rootHash = SHA-256:66c1251cb6b0..., domainId = local::12209aebc618...),
  signatures = Signature(signature = 2de732023f2e, signedBy = 1220382abd91...)
)
2026-07-26 19:37:25,474 [input-mapping-pool-4] INFO  c.d.c.p.i.p.ParallelIndexerSubscription:participant=sandbox tid:75d6f1dd49cfd4ac55fcf28ae1839930 - Phase 7: Storing at offset=000000000000000035 TransactionAccepted(
  recordTime = 2026-07-26T14:07:25.457769Z,
  transactionId = 122066c1251cb6b059916bae84340cfdff2a07991a96acacfe13de4d24150e7f096f,
  transactionMeta = TransactionMeta(ledgerEffectiveTime = 2026-07-26T14:07:25.450573Z, submissionTime = 2026-07-26T14:07:25.450573Z, domainId = local::12209aebc618..., ...),
  completion = CompletionInfo(
    actAs = party-f3d1e2bc-b44a-469a-9cbc-872a85232502::12206f7953e7...,
    commandId = 70b9163a-8514-4501-a801-06774670113c,
    applicationId = programmable-money-backend,
    deduplication period = (offset=Offset(Bytes(000000000000000001))),
    submissionId = Some(789fc00e-052a-4c86-835d-c4c112a255b6),
    ...
  ),
  nodes = 1,
  roots = 1,
  ...
)
2026-07-26 19:37:25,476 [canton-env-ec-30] INFO  c.d.c.p.a.s.t.TransactionServiceImpl:participant=sandbox - Received request for flat transaction by ID, ledgerId -> 'sandbox', transactionId -> '122066c1251cb6b059916bae84340cfdff2a07991a96acacfe13de4d24150e7f096f', parties -> ['party-f3d1e2bc-b44a-469a-9cbc-872a85232502::12206f7953e7edc58874bebcb1ffbf758c4c4520e4ffe5754a182572d56a9b99179b'].
2026-07-26 19:37:25,482 [canton-env-ec-30] INFO  c.d.c.p.a.s.c.CommandSubmissionServiceImpl:participant=sandbox tid:e5f44e103de71eb9f5ddf0fd8a4622eb - Phase 1 started: Submitting commands for interpretation: Commands(
  commandId = 2b2e1821-461e-43c0-b9d9-bb3048032faf,
  submissionId = 1a56fa5c-e5b2-4130-b3c8-f4044b3b53f9,
  applicationId = programmable-money-backend,
  actAs = party-f3d1e2bc-b44a-469a-9cbc-872a85232502::12206f7953e7...,
  submittedAt = 2026-07-26T14:07:25.482145Z,
  ledgerEffectiveTime = 2026-07-26T14:07:25.482144Z,
  deduplicationPeriod = (duration=PT168H),
  ...
).
2026-07-26 19:37:25,487 [canton-env-ec-20] INFO  c.d.c.p.p.TransactionProcessor:participant=sandbox/domainId=local::12209aebc618 tid:e5f44e103de71eb9f5ddf0fd8a4622eb - Phase 1 completed: Submitting 3 envelopes for Transaction request, submitters party-f3d1e2bc-b44a-469a-9cbc-872a85232502::12206f7953e7..., command-id 2b2e1821-461e-43c0-b9d9-bb3048032faf
2026-07-26 19:37:25,489 [canton-env-ec-74] INFO  c.d.c.d.s.s.GrpcSequencerService:domain=local tid:e5f44e103de71eb9f5ddf0fd8a4622eb - 'PAR::sandbox::12206f7953e7...' sends request with id '7808721a-115b-4477-87ae-e58eabbeae73' of size 2951 bytes with 3 envelopes.
2026-07-26 19:37:25,491 [canton-env-ec-30] INFO  c.d.c.p.p.DefaultMessageDispatcher:participant=sandbox/domainId=local::12209aebc618 tid:e5f44e103de71eb9f5ddf0fd8a4622eb - Processing event at sc=179, ts=2026-07-26T14:07:25.489802Z, messageId=7808721a-115b-4477-87ae-e58eabbeae73, with contents=Seq(RootHashMessage(root hash = SHA-256:7a430807d83b..., payload size = 0), EncryptedViewMessageV2(view hash = ViewHash(SHA-256:a86e33362d11...), view type = TransactionViewType, size = 1458))
2026-07-26 19:37:25,492 [canton-env-ec-74] INFO  c.d.c.p.p.TransactionProcessor:participant=sandbox/domainId=local::12209aebc618 tid:e5f44e103de71eb9f5ddf0fd8a4622eb - Phase 3: Validating Transaction request=2026-07-26T14:07:25.489802Z with 1 envelope(s)
2026-07-26 19:37:25,493 [canton-env-ec-20] INFO  c.d.c.d.m.ConfirmationResponseProcessor:domain=local/node=mediator tid:e5f44e103de71eb9f5ddf0fd8a4622eb - Phase 2: Registered request=2026-07-26T14:07:25.489802Z with 1 view(s). Initial state: ViewPosition("") -> ViewState(
  quorumsState = Seq(Quorum(confirmers = party-f3d1e2bc-b44a-469a-9cbc-872a85232502::12206f7953e7... -> 1, threshold = 1), Quorum(confirmers = sandbox::12206f7953e7... -> 1, threshold = 1)),
  consortiumVoting = Map(party-f3d1e2bc-b44a-469a-9cbc-872a85232502::12206f7953e7... -> ConsortiumVotingState(), sandbox::12206f7953e7... -> ConsortiumVotingState()),
  rejections = Seq()
)
2026-07-26 19:37:25,498 [canton-env-ec-74] INFO  c.d.c.p.p.TransactionProcessor:participant=sandbox/domainId=local::12209aebc618 tid:e5f44e103de71eb9f5ddf0fd8a4622eb - Phase 4: Sending for request=2026-07-26T14:07:25.489802Z with msgId=58c5e3bb-7e2a-470a-a03e-ad31e4feedf5 approved=1, rejected=0
2026-07-26 19:37:25,499 [canton-env-ec-81] INFO  c.d.c.d.s.s.GrpcSequencerService:domain=local tid:e5f44e103de71eb9f5ddf0fd8a4622eb - 'PAR::sandbox::12206f7953e7...' sends request with id '58c5e3bb-7e2a-470a-a03e-ad31e4feedf5' of size 753 bytes with 1 envelopes.
2026-07-26 19:37:25,501 [canton-env-ec-73] INFO  c.d.c.p.p.DefaultMessageDispatcher:participant=sandbox/domainId=local::12209aebc618 tid:e5f44e103de71eb9f5ddf0fd8a4622eb - Processing event at sc=180, ts=2026-07-26T14:07:25.500227Z, messageId=58c5e3bb-7e2a-470a-a03e-ad31e4feedf5, with contents=Seq()
2026-07-26 19:37:25,502 [canton-env-ec-30] INFO  c.d.c.d.m.ConfirmationResponseProcessor:domain=local/node=mediator tid:e5f44e103de71eb9f5ddf0fd8a4622eb - Phase 5: Received responses for request=RequestId(2026-07-26T14:07:25.489802Z): ParticipantResponse(sender = PAR::sandbox::12206f7953e7..., ts = 2026-07-26T14:07:25.500227Z, approved = 1)
2026-07-26 19:37:25,502 [canton-env-ec-89] INFO  c.d.c.d.m.ConfirmationResponseProcessor:domain=local/node=mediator tid:e5f44e103de71eb9f5ddf0fd8a4622eb - Phase 6: Finalized request=RequestId(2026-07-26T14:07:25.489802Z) with verdict Approve
2026-07-26 19:37:25,504 [canton-env-ec-74] INFO  c.d.c.d.s.s.GrpcSequencerService:domain=local tid:e5f44e103de71eb9f5ddf0fd8a4622eb - 'MED::local::12209aebc618...' sends request with id 'mmid:verdict:1785074845489802' of size 696 bytes with 1 envelopes.
2026-07-26 19:37:25,506 [canton-env-ec-32] INFO  c.d.c.p.p.DefaultMessageDispatcher:participant=sandbox/domainId=local::12209aebc618 tid:e5f44e103de71eb9f5ddf0fd8a4622eb - Processing event at sc=181, ts=2026-07-26T14:07:25.504863Z, with contents=SignedProtocolMessage(
  TransactionResultMessage(requestId = 2026-07-26T14:07:25.489802Z, verdict = Approve, rootHash = SHA-256:7a430807d83b..., domainId = local::12209aebc618...),
  signatures = Signature(signature = de0f307d2166, signedBy = 1220382abd91...)
)
2026-07-26 19:37:25,508 [input-mapping-pool-5] INFO  c.d.c.p.i.p.ParallelIndexerSubscription:participant=sandbox tid:e5f44e103de71eb9f5ddf0fd8a4622eb - Phase 7: Storing at offset=000000000000000036 TransactionAccepted(
  recordTime = 2026-07-26T14:07:25.489802Z,
  transactionId = 12207a430807d83b3bb2e297ac3e92708d025def8896356f5c8c0fde33767a50601b,
  transactionMeta = TransactionMeta(ledgerEffectiveTime = 2026-07-26T14:07:25.482144Z, submissionTime = 2026-07-26T14:07:25.482144Z, domainId = local::12209aebc618..., ...),
  completion = CompletionInfo(
    actAs = party-f3d1e2bc-b44a-469a-9cbc-872a85232502::12206f7953e7...,
    commandId = 2b2e1821-461e-43c0-b9d9-bb3048032faf,
    applicationId = programmable-money-backend,
    deduplication period = (offset=Offset(Bytes(000000000000000001))),
    submissionId = Some(1a56fa5c-e5b2-4130-b3c8-f4044b3b53f9),
    ...
  ),
  nodes = 2,
  roots = 1,
  ...
)
2026-07-26 19:37:25,510 [canton-env-ec-81] INFO  c.d.c.p.a.s.t.TransactionServiceImpl:participant=sandbox - Received request for transaction by ID, ledgerId -> 'sandbox', transactionId -> '12207a430807d83b3bb2e297ac3e92708d025def8896356f5c8c0fde33767a50601b', parties -> ['party-f3d1e2bc-b44a-469a-9cbc-872a85232502::12206f7953e7edc58874bebcb1ffbf758c4c4520e4ffe5754a182572d56a9b99179b'].
2026-07-26 19:37:25,517 [canton-env-ec-77] INFO  c.d.c.p.a.s.c.CommandSubmissionServiceImpl:participant=sandbox tid:4b8ff79a2a40fd4b8288fac14bfa0d76 - Phase 1 started: Submitting commands for interpretation: Commands(
  commandId = 538a0bbe-2e12-4a49-82fe-91a2619b9dc7,
  submissionId = 6ce95e4c-b7b7-49b1-a7ef-7cfd940969e1,
  applicationId = programmable-money-backend,
  actAs = party-f3d1e2bc-b44a-469a-9cbc-872a85232502::12206f7953e7...,
  submittedAt = 2026-07-26T14:07:25.517536Z,
  ledgerEffectiveTime = 2026-07-26T14:07:25.517536Z,
  deduplicationPeriod = (duration=PT168H),
  ...
).
2026-07-26 19:37:25,522 [canton-env-ec-28] INFO  c.d.c.p.p.TransactionProcessor:participant=sandbox/domainId=local::12209aebc618 tid:4b8ff79a2a40fd4b8288fac14bfa0d76 - Phase 1 completed: Submitting 3 envelopes for Transaction request, submitters party-f3d1e2bc-b44a-469a-9cbc-872a85232502::12206f7953e7..., command-id 538a0bbe-2e12-4a49-82fe-91a2619b9dc7
2026-07-26 19:37:25,523 [canton-env-ec-77] INFO  c.d.c.d.s.s.GrpcSequencerService:domain=local tid:4b8ff79a2a40fd4b8288fac14bfa0d76 - 'PAR::sandbox::12206f7953e7...' sends request with id 'cd0a2dbe-7186-414c-be27-1d8dbe6cda3e' of size 2740 bytes with 3 envelopes.
2026-07-26 19:37:25,526 [canton-env-ec-30] INFO  c.d.c.p.p.DefaultMessageDispatcher:participant=sandbox/domainId=local::12209aebc618 tid:4b8ff79a2a40fd4b8288fac14bfa0d76 - Processing event at sc=182, ts=2026-07-26T14:07:25.524646Z, messageId=cd0a2dbe-7186-414c-be27-1d8dbe6cda3e, with contents=Seq(RootHashMessage(root hash = SHA-256:3f5fd10362fc..., payload size = 0), EncryptedViewMessageV2(view hash = ViewHash(SHA-256:6da184c846aa...), view type = TransactionViewType, size = 1248))
2026-07-26 19:37:25,527 [canton-env-ec-28] INFO  c.d.c.p.p.TransactionProcessor:participant=sandbox/domainId=local::12209aebc618 tid:4b8ff79a2a40fd4b8288fac14bfa0d76 - Phase 3: Validating Transaction request=2026-07-26T14:07:25.524646Z with 1 envelope(s)
2026-07-26 19:37:25,527 [canton-env-ec-82] INFO  c.d.c.d.m.ConfirmationResponseProcessor:domain=local/node=mediator tid:4b8ff79a2a40fd4b8288fac14bfa0d76 - Phase 2: Registered request=2026-07-26T14:07:25.524646Z with 1 view(s). Initial state: ViewPosition("") -> ViewState(
  quorumsState = Seq(Quorum(confirmers = party-f3d1e2bc-b44a-469a-9cbc-872a85232502::12206f7953e7... -> 1, threshold = 1), Quorum(confirmers = sandbox::12206f7953e7... -> 1, threshold = 1)),
  consortiumVoting = Map(party-f3d1e2bc-b44a-469a-9cbc-872a85232502::12206f7953e7... -> ConsortiumVotingState(), sandbox::12206f7953e7... -> ConsortiumVotingState()),
  rejections = Seq()
)
2026-07-26 19:37:25,532 [canton-env-ec-81] INFO  c.d.c.p.p.TransactionProcessor:participant=sandbox/domainId=local::12209aebc618 tid:4b8ff79a2a40fd4b8288fac14bfa0d76 - Phase 4: Sending for request=2026-07-26T14:07:25.524646Z with msgId=0f57a781-7153-4305-bc20-4de6df002b99 approved=1, rejected=0
2026-07-26 19:37:25,533 [canton-env-ec-89] INFO  c.d.c.d.s.s.GrpcSequencerService:domain=local tid:4b8ff79a2a40fd4b8288fac14bfa0d76 - 'PAR::sandbox::12206f7953e7...' sends request with id '0f57a781-7153-4305-bc20-4de6df002b99' of size 756 bytes with 1 envelopes.
2026-07-26 19:37:25,535 [canton-env-ec-75] INFO  c.d.c.p.p.DefaultMessageDispatcher:participant=sandbox/domainId=local::12209aebc618 tid:4b8ff79a2a40fd4b8288fac14bfa0d76 - Processing event at sc=183, ts=2026-07-26T14:07:25.534131Z, messageId=0f57a781-7153-4305-bc20-4de6df002b99, with contents=Seq()
2026-07-26 19:37:25,536 [canton-env-ec-83] INFO  c.d.c.d.m.ConfirmationResponseProcessor:domain=local/node=mediator tid:4b8ff79a2a40fd4b8288fac14bfa0d76 - Phase 5: Received responses for request=RequestId(2026-07-26T14:07:25.524646Z): ParticipantResponse(sender = PAR::sandbox::12206f7953e7..., ts = 2026-07-26T14:07:25.534131Z, approved = 1)
2026-07-26 19:37:25,536 [canton-env-ec-83] INFO  c.d.c.d.m.ConfirmationResponseProcessor:domain=local/node=mediator tid:4b8ff79a2a40fd4b8288fac14bfa0d76 - Phase 6: Finalized request=RequestId(2026-07-26T14:07:25.524646Z) with verdict Approve
2026-07-26 19:37:25,538 [canton-env-ec-82] INFO  c.d.c.d.s.s.GrpcSequencerService:domain=local tid:4b8ff79a2a40fd4b8288fac14bfa0d76 - 'MED::local::12209aebc618...' sends request with id 'mmid:verdict:1785074845524646' of size 697 bytes with 1 envelopes.
2026-07-26 19:37:25,540 [canton-env-ec-75] INFO  c.d.c.p.p.DefaultMessageDispatcher:participant=sandbox/domainId=local::12209aebc618 tid:4b8ff79a2a40fd4b8288fac14bfa0d76 - Processing event at sc=184, ts=2026-07-26T14:07:25.538458Z, with contents=SignedProtocolMessage(
  TransactionResultMessage(requestId = 2026-07-26T14:07:25.524646Z, verdict = Approve, rootHash = SHA-256:3f5fd10362fc..., domainId = local::12209aebc618...),
  signatures = Signature(signature = 2058701937de, signedBy = 1220382abd91...)
)
2026-07-26 19:37:25,542 [input-mapping-pool-6] INFO  c.d.c.p.i.p.ParallelIndexerSubscription:participant=sandbox tid:4b8ff79a2a40fd4b8288fac14bfa0d76 - Phase 7: Storing at offset=000000000000000037 TransactionAccepted(
  recordTime = 2026-07-26T14:07:25.524646Z,
  transactionId = 12203f5fd10362fcb66538a41ccda0d51c056b9fda1de8923b62c289eea7d77ab4f5,
  transactionMeta = TransactionMeta(ledgerEffectiveTime = 2026-07-26T14:07:25.517536Z, submissionTime = 2026-07-26T14:07:25.517536Z, domainId = local::12209aebc618..., ...),
  completion = CompletionInfo(
    actAs = party-f3d1e2bc-b44a-469a-9cbc-872a85232502::12206f7953e7...,
    commandId = 538a0bbe-2e12-4a49-82fe-91a2619b9dc7,
    applicationId = programmable-money-backend,
    deduplication period = (offset=Offset(Bytes(000000000000000001))),
    submissionId = Some(6ce95e4c-b7b7-49b1-a7ef-7cfd940969e1),
    ...
  ),
  nodes = 1,
  roots = 1,
  ...
)
2026-07-26 19:37:25,543 [canton-env-ec-74] INFO  c.d.c.p.a.s.t.TransactionServiceImpl:participant=sandbox - Received request for flat transaction by ID, ledgerId -> 'sandbox', transactionId -> '12203f5fd10362fcb66538a41ccda0d51c056b9fda1de8923b62c289eea7d77ab4f5', parties -> ['party-f3d1e2bc-b44a-469a-9cbc-872a85232502::12206f7953e7edc58874bebcb1ffbf758c4c4520e4ffe5754a182572d56a9b99179b'].
2026-07-26 19:37:25,551 [canton-env-ec-74] INFO  c.d.c.p.a.s.c.CommandSubmissionServiceImpl:participant=sandbox tid:9df5351273d73cff15be7bead09aaf97 - Phase 1 started: Submitting commands for interpretation: Commands(
  commandId = d1f82e54-80a6-41c0-afb9-895d5b72d6de,
  submissionId = 8c9fda14-e227-40c5-a7cb-f648a9bda369,
  applicationId = programmable-money-backend,
  actAs = party-f3d1e2bc-b44a-469a-9cbc-872a85232502::12206f7953e7...,
  submittedAt = 2026-07-26T14:07:25.551182Z,
  ledgerEffectiveTime = 2026-07-26T14:07:25.551181Z,
  deduplicationPeriod = (duration=PT168H),
  ...
).
2026-07-26 19:37:25,556 [canton-env-ec-77] INFO  c.d.c.p.p.TransactionProcessor:participant=sandbox/domainId=local::12209aebc618 tid:9df5351273d73cff15be7bead09aaf97 - Phase 1 completed: Submitting 3 envelopes for Transaction request, submitters party-f3d1e2bc-b44a-469a-9cbc-872a85232502::12206f7953e7..., command-id d1f82e54-80a6-41c0-afb9-895d5b72d6de
2026-07-26 19:37:25,558 [canton-env-ec-75] INFO  c.d.c.d.s.s.GrpcSequencerService:domain=local tid:9df5351273d73cff15be7bead09aaf97 - 'PAR::sandbox::12206f7953e7...' sends request with id '28408915-43ab-4617-a3d7-8594daa76e54' of size 2960 bytes with 3 envelopes.
2026-07-26 19:37:25,561 [canton-env-ec-75] INFO  c.d.c.p.p.DefaultMessageDispatcher:participant=sandbox/domainId=local::12209aebc618 tid:9df5351273d73cff15be7bead09aaf97 - Processing event at sc=185, ts=2026-07-26T14:07:25.558862Z, messageId=28408915-43ab-4617-a3d7-8594daa76e54, with contents=Seq(RootHashMessage(root hash = SHA-256:ad2acc477af1..., payload size = 0), EncryptedViewMessageV2(view hash = ViewHash(SHA-256:d2b3c3e61cd1...), view type = TransactionViewType, size = 1466))
2026-07-26 19:37:25,561 [canton-env-ec-82] INFO  c.d.c.p.p.TransactionProcessor:participant=sandbox/domainId=local::12209aebc618 tid:9df5351273d73cff15be7bead09aaf97 - Phase 3: Validating Transaction request=2026-07-26T14:07:25.558862Z with 1 envelope(s)
2026-07-26 19:37:25,562 [canton-env-ec-75] INFO  c.d.c.d.m.ConfirmationResponseProcessor:domain=local/node=mediator tid:9df5351273d73cff15be7bead09aaf97 - Phase 2: Registered request=2026-07-26T14:07:25.558862Z with 1 view(s). Initial state: ViewPosition("") -> ViewState(
  quorumsState = Seq(Quorum(confirmers = party-f3d1e2bc-b44a-469a-9cbc-872a85232502::12206f7953e7... -> 1, threshold = 1), Quorum(confirmers = sandbox::12206f7953e7... -> 1, threshold = 1)),
  consortiumVoting = Map(party-f3d1e2bc-b44a-469a-9cbc-872a85232502::12206f7953e7... -> ConsortiumVotingState(), sandbox::12206f7953e7... -> ConsortiumVotingState()),
  rejections = Seq()
)
2026-07-26 19:37:25,567 [canton-env-ec-83] INFO  c.d.c.p.p.TransactionProcessor:participant=sandbox/domainId=local::12209aebc618 tid:9df5351273d73cff15be7bead09aaf97 - Phase 4: Sending for request=2026-07-26T14:07:25.558862Z with msgId=14e467d8-085e-4176-9767-258dc79dd43d approved=1, rejected=0
2026-07-26 19:37:25,569 [canton-env-ec-83] INFO  c.d.c.d.s.s.GrpcSequencerService:domain=local tid:9df5351273d73cff15be7bead09aaf97 - 'PAR::sandbox::12206f7953e7...' sends request with id '14e467d8-085e-4176-9767-258dc79dd43d' of size 762 bytes with 1 envelopes.
2026-07-26 19:37:25,571 [canton-env-ec-82] INFO  c.d.c.p.p.DefaultMessageDispatcher:participant=sandbox/domainId=local::12209aebc618 tid:9df5351273d73cff15be7bead09aaf97 - Processing event at sc=186, ts=2026-07-26T14:07:25.569590Z, messageId=14e467d8-085e-4176-9767-258dc79dd43d, with contents=Seq()
2026-07-26 19:37:25,571 [canton-env-ec-83] INFO  c.d.c.d.m.ConfirmationResponseProcessor:domain=local/node=mediator tid:9df5351273d73cff15be7bead09aaf97 - Phase 5: Received responses for request=RequestId(2026-07-26T14:07:25.558862Z): ParticipantResponse(sender = PAR::sandbox::12206f7953e7..., ts = 2026-07-26T14:07:25.569590Z, approved = 1)
2026-07-26 19:37:25,572 [canton-env-ec-83] INFO  c.d.c.d.m.ConfirmationResponseProcessor:domain=local/node=mediator tid:9df5351273d73cff15be7bead09aaf97 - Phase 6: Finalized request=RequestId(2026-07-26T14:07:25.558862Z) with verdict Approve
2026-07-26 19:37:25,573 [canton-env-ec-75] INFO  c.d.c.d.s.s.GrpcSequencerService:domain=local tid:9df5351273d73cff15be7bead09aaf97 - 'MED::local::12209aebc618...' sends request with id 'mmid:verdict:1785074845558862' of size 700 bytes with 1 envelopes.
2026-07-26 19:37:25,575 [canton-env-ec-82] INFO  c.d.c.p.p.DefaultMessageDispatcher:participant=sandbox/domainId=local::12209aebc618 tid:9df5351273d73cff15be7bead09aaf97 - Processing event at sc=187, ts=2026-07-26T14:07:25.574249Z, with contents=SignedProtocolMessage(
  TransactionResultMessage(requestId = 2026-07-26T14:07:25.558862Z, verdict = Approve, rootHash = SHA-256:ad2acc477af1..., domainId = local::12209aebc618...),
  signatures = Signature(signature = 9b8c6afe0650, signedBy = 1220382abd91...)
)
2026-07-26 19:37:25,582 [input-mapping-pool-7] INFO  c.d.c.p.i.p.ParallelIndexerSubscription:participant=sandbox tid:9df5351273d73cff15be7bead09aaf97 - Phase 7: Storing at offset=000000000000000038 TransactionAccepted(
  recordTime = 2026-07-26T14:07:25.558862Z,
  transactionId = 1220ad2acc477af1344f74893f75bc85ae668cc53d0f8307e4eff159da8b21eacb8d,
  transactionMeta = TransactionMeta(ledgerEffectiveTime = 2026-07-26T14:07:25.551181Z, submissionTime = 2026-07-26T14:07:25.551181Z, domainId = local::12209aebc618..., ...),
  completion = CompletionInfo(
    actAs = party-f3d1e2bc-b44a-469a-9cbc-872a85232502::12206f7953e7...,
    commandId = d1f82e54-80a6-41c0-afb9-895d5b72d6de,
    applicationId = programmable-money-backend,
    deduplication period = (offset=Offset(Bytes(000000000000000001))),
    submissionId = Some(8c9fda14-e227-40c5-a7cb-f648a9bda369),
    ...
  ),
  nodes = 2,
  roots = 1,
  ...
)
2026-07-26 19:37:25,583 [canton-env-ec-73] INFO  c.d.c.p.a.s.t.TransactionServiceImpl:participant=sandbox - Received request for transaction by ID, ledgerId -> 'sandbox', transactionId -> '1220ad2acc477af1344f74893f75bc85ae668cc53d0f8307e4eff159da8b21eacb8d', parties -> ['party-f3d1e2bc-b44a-469a-9cbc-872a85232502::12206f7953e7edc58874bebcb1ffbf758c4c4520e4ffe5754a182572d56a9b99179b'].
2026-07-26 19:37:55,516 [canton-env-ec-30] INFO  c.d.c.d.s.s.GrpcSequencerService:domain=local tid:c2b4a1bf4bebd95509b563d421d24e8b - 'MED::local::12209aebc618...' sends request with id 'tick-19ce5daf-6b6a-471d-bb6f-3c41da6e23d0' of size 336 bytes with 0 envelopes.
2026-07-26 19:37:56,028 [canton-env-ec-30] INFO  c.d.c.d.s.s.GrpcSequencerService:domain=local tid:c2b4a1bf4bebd95509b563d421d24e8b - 'MED::local::12209aebc618...' sends request with id 'tick-6ce5b592-d7d5-4426-b38e-49e0f8da34bc' of size 336 bytes with 0 envelopes.
2026-07-26 19:38:25,437 [canton-env-ec-89] INFO  c.d.c.d.s.s.GrpcSequencerService:domain=local tid:c2b4a1bf4bebd95509b563d421d24e8b - 'PAR::sandbox::12206f7953e7...' sends request with id 'tick-69dde0a6-5021-4756-b635-5828281bef79' of size 338 bytes with 0 envelopes.
2026-07-26 19:38:25,956 [canton-env-ec-81] INFO  c.d.c.d.s.s.GrpcSequencerService:domain=local tid:c2b4a1bf4bebd95509b563d421d24e8b - 'PAR::sandbox::12206f7953e7...' sends request with id 'tick-d983fe6b-2eba-45de-a8a5-795f6cef1554' of size 338 bytes with 0 envelopes.
2026-07-26 19:40:57,668 [canton-env-ec-32] INFO  c.d.c.d.s.a.MemberAuthenticationServiceOld:domain=local - PAR::sandbox::12206f7953e7... authenticated new token with expiry 2026-07-26T15:10:57.668665Z
2026-07-26 19:41:03,291 [canton-env-ec-20] INFO  c.d.c.p.a.s.a.ApiPartyManagementService:participant=sandbox tid:119f745e7e5bd9f266820222b00eef31 - Listing known parties.
2026-07-26 19:41:03,301 [canton-env-ec-75] INFO  c.d.c.p.a.s.c.CommandSubmissionServiceImpl:participant=sandbox tid:171132b8a3970f1163730983bd0bdca6 - Phase 1 started: Submitting commands for interpretation: Commands(
  commandId = ad7df41d-f07b-442a-a688-7671571af62f,
  submissionId = 961b84f4-2e72-4999-b75f-5e6b0ba65734,
  applicationId = programmable-money-backend,
  actAs = party-f3d1e2bc-b44a-469a-9cbc-872a85232502::12206f7953e7...,
  submittedAt = 2026-07-26T14:11:03.301755Z,
  ledgerEffectiveTime = 2026-07-26T14:11:03.301754Z,
  deduplicationPeriod = (duration=PT168H),
  ...
).
2026-07-26 19:41:03,309 [canton-env-ec-81] INFO  c.d.c.p.p.TransactionProcessor:participant=sandbox/domainId=local::12209aebc618 tid:171132b8a3970f1163730983bd0bdca6 - Phase 1 completed: Submitting 3 envelopes for Transaction request, submitters party-f3d1e2bc-b44a-469a-9cbc-872a85232502::12206f7953e7..., command-id ad7df41d-f07b-442a-a688-7671571af62f
2026-07-26 19:41:03,310 [canton-env-ec-74] INFO  c.d.c.d.s.s.GrpcSequencerService:domain=local tid:171132b8a3970f1163730983bd0bdca6 - 'PAR::sandbox::12206f7953e7...' sends request with id 'd06d08bb-cfe4-4209-8d82-c3379163d16e' of size 2723 bytes with 3 envelopes.
2026-07-26 19:41:03,314 [canton-env-ec-28] INFO  c.d.c.p.p.DefaultMessageDispatcher:participant=sandbox/domainId=local::12209aebc618 tid:171132b8a3970f1163730983bd0bdca6 - Processing event at sc=190, ts=2026-07-26T14:11:03.311345Z, messageId=d06d08bb-cfe4-4209-8d82-c3379163d16e, with contents=Seq(RootHashMessage(root hash = SHA-256:cec38a6bbc28..., payload size = 0), EncryptedViewMessageV2(view hash = ViewHash(SHA-256:923276365fd4...), view type = TransactionViewType, size = 1238))
2026-07-26 19:41:03,314 [canton-env-ec-81] INFO  c.d.c.p.p.TransactionProcessor:participant=sandbox/domainId=local::12209aebc618 tid:171132b8a3970f1163730983bd0bdca6 - Phase 3: Validating Transaction request=2026-07-26T14:11:03.311345Z with 1 envelope(s)
2026-07-26 19:41:03,316 [canton-env-ec-75] INFO  c.d.c.d.m.ConfirmationResponseProcessor:domain=local/node=mediator tid:171132b8a3970f1163730983bd0bdca6 - Phase 2: Registered request=2026-07-26T14:11:03.311345Z with 1 view(s). Initial state: ViewPosition("") -> ViewState(
  quorumsState = Seq(Quorum(confirmers = party-f3d1e2bc-b44a-469a-9cbc-872a85232502::12206f7953e7... -> 1, threshold = 1), Quorum(confirmers = sandbox::12206f7953e7... -> 1, threshold = 1)),
  consortiumVoting = Map(party-f3d1e2bc-b44a-469a-9cbc-872a85232502::12206f7953e7... -> ConsortiumVotingState(), sandbox::12206f7953e7... -> ConsortiumVotingState()),
  rejections = Seq()
)
2026-07-26 19:41:03,322 [canton-env-ec-74] INFO  c.d.c.p.p.TransactionProcessor:participant=sandbox/domainId=local::12209aebc618 tid:171132b8a3970f1163730983bd0bdca6 - Phase 4: Sending for request=2026-07-26T14:11:03.311345Z with msgId=8e133a0b-052f-4f48-9b3a-c101a7df6ab7 approved=1, rejected=0
2026-07-26 19:41:03,324 [canton-env-ec-82] INFO  c.d.c.d.s.s.GrpcSequencerService:domain=local tid:171132b8a3970f1163730983bd0bdca6 - 'PAR::sandbox::12206f7953e7...' sends request with id '8e133a0b-052f-4f48-9b3a-c101a7df6ab7' of size 757 bytes with 1 envelopes.
2026-07-26 19:41:03,326 [canton-env-ec-77] INFO  c.d.c.p.p.DefaultMessageDispatcher:participant=sandbox/domainId=local::12209aebc618 tid:171132b8a3970f1163730983bd0bdca6 - Processing event at sc=191, ts=2026-07-26T14:11:03.324725Z, messageId=8e133a0b-052f-4f48-9b3a-c101a7df6ab7, with contents=Seq()
2026-07-26 19:41:03,326 [canton-env-ec-77] INFO  c.d.c.d.m.ConfirmationResponseProcessor:domain=local/node=mediator tid:171132b8a3970f1163730983bd0bdca6 - Phase 5: Received responses for request=RequestId(2026-07-26T14:11:03.311345Z): ParticipantResponse(sender = PAR::sandbox::12206f7953e7..., ts = 2026-07-26T14:11:03.324725Z, approved = 1)
2026-07-26 19:41:03,327 [canton-env-ec-85] INFO  c.d.c.d.m.ConfirmationResponseProcessor:domain=local/node=mediator tid:171132b8a3970f1163730983bd0bdca6 - Phase 6: Finalized request=RequestId(2026-07-26T14:11:03.311345Z) with verdict Approve
2026-07-26 19:41:03,328 [canton-env-ec-32] INFO  c.d.c.d.s.s.GrpcSequencerService:domain=local tid:171132b8a3970f1163730983bd0bdca6 - 'MED::local::12209aebc618...' sends request with id 'mmid:verdict:1785075063311345' of size 706 bytes with 1 envelopes.
2026-07-26 19:41:03,331 [canton-env-ec-80] INFO  c.d.c.p.p.DefaultMessageDispatcher:participant=sandbox/domainId=local::12209aebc618 tid:171132b8a3970f1163730983bd0bdca6 - Processing event at sc=192, ts=2026-07-26T14:11:03.329488Z, with contents=SignedProtocolMessage(
  TransactionResultMessage(requestId = 2026-07-26T14:11:03.311345Z, verdict = Approve, rootHash = SHA-256:cec38a6bbc28..., domainId = local::12209aebc618...),
  signatures = Signature(signature = 04a0d2f4e7f3, signedBy = 1220382abd91...)
)
2026-07-26 19:41:03,334 [input-mapping-pool-8] INFO  c.d.c.p.i.p.ParallelIndexerSubscription:participant=sandbox tid:171132b8a3970f1163730983bd0bdca6 - Phase 7: Storing at offset=000000000000000039 TransactionAccepted(
  recordTime = 2026-07-26T14:11:03.311345Z,
  transactionId = 1220cec38a6bbc28a9286417d2f5fb15ded6b440c12478e92a8fcdc2f61652be7f0c,
  transactionMeta = TransactionMeta(ledgerEffectiveTime = 2026-07-26T14:11:03.301754Z, submissionTime = 2026-07-26T14:11:03.301754Z, domainId = local::12209aebc618..., ...),
  completion = CompletionInfo(
    actAs = party-f3d1e2bc-b44a-469a-9cbc-872a85232502::12206f7953e7...,
    commandId = ad7df41d-f07b-442a-a688-7671571af62f,
    applicationId = programmable-money-backend,
    deduplication period = (offset=Offset(Bytes(000000000000000001))),
    submissionId = Some(961b84f4-2e72-4999-b75f-5e6b0ba65734),
    ...
  ),
  nodes = 1,
  roots = 1,
  ...
)
2026-07-26 19:41:03,336 [canton-env-ec-25] INFO  c.d.c.p.a.s.t.TransactionServiceImpl:participant=sandbox - Received request for flat transaction by ID, ledgerId -> 'sandbox', transactionId -> '1220cec38a6bbc28a9286417d2f5fb15ded6b440c12478e92a8fcdc2f61652be7f0c', parties -> ['party-f3d1e2bc-b44a-469a-9cbc-872a85232502::12206f7953e7edc58874bebcb1ffbf758c4c4520e4ffe5754a182572d56a9b99179b'].
2026-07-26 19:41:13,001 [canton-env-ec-77] INFO  c.d.c.p.a.s.c.CommandSubmissionServiceImpl:participant=sandbox tid:e2429913164d74b6705454d159639973 - Phase 1 started: Submitting commands for interpretation: Commands(
  commandId = 9898ac68-4624-402a-9a4b-c636d5376661,
  submissionId = 8cda7afe-553a-4ebb-ad45-12602a8919a5,
  applicationId = programmable-money-backend,
  actAs = party-f3d1e2bc-b44a-469a-9cbc-872a85232502::12206f7953e7...,
  submittedAt = 2026-07-26T14:11:13.001107Z,
  ledgerEffectiveTime = 2026-07-26T14:11:13.001106Z,
  deduplicationPeriod = (duration=PT168H),
  ...
).
2026-07-26 19:41:13,007 [canton-env-ec-75] INFO  c.d.c.p.p.TransactionProcessor:participant=sandbox/domainId=local::12209aebc618 tid:e2429913164d74b6705454d159639973 - Phase 1 completed: Submitting 3 envelopes for Transaction request, submitters party-f3d1e2bc-b44a-469a-9cbc-872a85232502::12206f7953e7..., command-id 9898ac68-4624-402a-9a4b-c636d5376661
2026-07-26 19:41:13,009 [canton-env-ec-30] INFO  c.d.c.d.s.s.GrpcSequencerService:domain=local tid:e2429913164d74b6705454d159639973 - 'PAR::sandbox::12206f7953e7...' sends request with id 'a330b0f5-0afb-481b-9c86-45d7635fe4e6' of size 2950 bytes with 3 envelopes.
2026-07-26 19:41:13,012 [canton-env-ec-77] INFO  c.d.c.p.p.DefaultMessageDispatcher:participant=sandbox/domainId=local::12209aebc618 tid:e2429913164d74b6705454d159639973 - Processing event at sc=193, ts=2026-07-26T14:11:13.010069Z, messageId=a330b0f5-0afb-481b-9c86-45d7635fe4e6, with contents=Seq(RootHashMessage(root hash = SHA-256:f6e324eb95c1..., payload size = 0), EncryptedViewMessageV2(view hash = ViewHash(SHA-256:202cd7bafbb5...), view type = TransactionViewType, size = 1465))
2026-07-26 19:41:13,013 [canton-env-ec-82] INFO  c.d.c.p.p.TransactionProcessor:participant=sandbox/domainId=local::12209aebc618 tid:e2429913164d74b6705454d159639973 - Phase 3: Validating Transaction request=2026-07-26T14:11:13.010069Z with 1 envelope(s)
2026-07-26 19:41:13,014 [canton-env-ec-80] INFO  c.d.c.d.m.ConfirmationResponseProcessor:domain=local/node=mediator tid:e2429913164d74b6705454d159639973 - Phase 2: Registered request=2026-07-26T14:11:13.010069Z with 1 view(s). Initial state: ViewPosition("") -> ViewState(
  quorumsState = Seq(Quorum(confirmers = party-f3d1e2bc-b44a-469a-9cbc-872a85232502::12206f7953e7... -> 1, threshold = 1), Quorum(confirmers = sandbox::12206f7953e7... -> 1, threshold = 1)),
  consortiumVoting = Map(party-f3d1e2bc-b44a-469a-9cbc-872a85232502::12206f7953e7... -> ConsortiumVotingState(), sandbox::12206f7953e7... -> ConsortiumVotingState()),
  rejections = Seq()
)
2026-07-26 19:41:13,020 [canton-env-ec-25] INFO  c.d.c.p.p.TransactionProcessor:participant=sandbox/domainId=local::12209aebc618 tid:e2429913164d74b6705454d159639973 - Phase 4: Sending for request=2026-07-26T14:11:13.010069Z with msgId=418bac12-6b2d-4924-8575-0ad7593c1d9d approved=1, rejected=0
2026-07-26 19:41:13,021 [canton-env-ec-80] INFO  c.d.c.d.s.s.GrpcSequencerService:domain=local tid:e2429913164d74b6705454d159639973 - 'PAR::sandbox::12206f7953e7...' sends request with id '418bac12-6b2d-4924-8575-0ad7593c1d9d' of size 758 bytes with 1 envelopes.
2026-07-26 19:41:13,023 [canton-env-ec-89] INFO  c.d.c.p.p.DefaultMessageDispatcher:participant=sandbox/domainId=local::12209aebc618 tid:e2429913164d74b6705454d159639973 - Processing event at sc=194, ts=2026-07-26T14:11:13.022159Z, messageId=418bac12-6b2d-4924-8575-0ad7593c1d9d, with contents=Seq()
2026-07-26 19:41:13,024 [canton-env-ec-89] INFO  c.d.c.d.m.ConfirmationResponseProcessor:domain=local/node=mediator tid:e2429913164d74b6705454d159639973 - Phase 5: Received responses for request=RequestId(2026-07-26T14:11:13.010069Z): ParticipantResponse(sender = PAR::sandbox::12206f7953e7..., ts = 2026-07-26T14:11:13.022159Z, approved = 1)
2026-07-26 19:41:13,024 [canton-env-ec-30] INFO  c.d.c.d.m.ConfirmationResponseProcessor:domain=local/node=mediator tid:e2429913164d74b6705454d159639973 - Phase 6: Finalized request=RequestId(2026-07-26T14:11:13.010069Z) with verdict Approve
2026-07-26 19:41:13,026 [canton-env-ec-81] INFO  c.d.c.d.s.s.GrpcSequencerService:domain=local tid:e2429913164d74b6705454d159639973 - 'MED::local::12209aebc618...' sends request with id 'mmid:verdict:1785075073010069' of size 692 bytes with 1 envelopes.
2026-07-26 19:41:13,028 [canton-env-ec-74] INFO  c.d.c.p.p.DefaultMessageDispatcher:participant=sandbox/domainId=local::12209aebc618 tid:e2429913164d74b6705454d159639973 - Processing event at sc=195, ts=2026-07-26T14:11:13.026440Z, with contents=SignedProtocolMessage(
  TransactionResultMessage(requestId = 2026-07-26T14:11:13.010069Z, verdict = Approve, rootHash = SHA-256:f6e324eb95c1..., domainId = local::12209aebc618...),
  signatures = Signature(signature = f8c289b5cb83, signedBy = 1220382abd91...)
)
2026-07-26 19:41:13,030 [input-mapping-pool-9] INFO  c.d.c.p.i.p.ParallelIndexerSubscription:participant=sandbox tid:e2429913164d74b6705454d159639973 - Phase 7: Storing at offset=00000000000000003a TransactionAccepted(
  recordTime = 2026-07-26T14:11:13.010069Z,
  transactionId = 1220f6e324eb95c1cadcd86a2e55f0c8bec9f75126a25be58c78314841c2a7b03933,
  transactionMeta = TransactionMeta(ledgerEffectiveTime = 2026-07-26T14:11:13.001106Z, submissionTime = 2026-07-26T14:11:13.001106Z, domainId = local::12209aebc618..., ...),
  completion = CompletionInfo(
    actAs = party-f3d1e2bc-b44a-469a-9cbc-872a85232502::12206f7953e7...,
    commandId = 9898ac68-4624-402a-9a4b-c636d5376661,
    applicationId = programmable-money-backend,
    deduplication period = (offset=Offset(Bytes(000000000000000001))),
    submissionId = Some(8cda7afe-553a-4ebb-ad45-12602a8919a5),
    ...
  ),
  nodes = 2,
  roots = 1,
  ...
)
2026-07-26 19:41:13,032 [canton-env-ec-32] INFO  c.d.c.p.a.s.t.TransactionServiceImpl:participant=sandbox - Received request for transaction by ID, ledgerId -> 'sandbox', transactionId -> '1220f6e324eb95c1cadcd86a2e55f0c8bec9f75126a25be58c78314841c2a7b03933', parties -> ['party-f3d1e2bc-b44a-469a-9cbc-872a85232502::12206f7953e7edc58874bebcb1ffbf758c4c4520e4ffe5754a182572d56a9b99179b'].
2026-07-26 19:41:17,660 [canton-env-ec-82] INFO  c.d.c.s.c.t.GrpcSequencerSubscription:participant=sandbox/domainId=local::12209aebc618 - The sequencer subscription has been terminated by the server.
2026-07-26 19:41:17,660 [canton-env-ec-83] INFO  c.d.c.s.c.t.GrpcSubscriptionErrorRetryPolicy:participant=sandbox/domainId=local::12209aebc618 - Trying to reconnect to give the sequencer the opportunity to become available again (after Connection terminated by the server.)
2026-07-26 19:41:17,718 [canton-env-ec-80] INFO  c.d.c.d.s.s.GrpcSequencerService:domain=local - PAR::sandbox::12206f7953e7... subscribes from counter=195
2026-07-26 19:41:33,570 [canton-env-ec-32] INFO  c.d.c.d.s.s.GrpcSequencerService:domain=local tid:171132b8a3970f1163730983bd0bdca6 - 'MED::local::12209aebc618...' sends request with id 'tick-d1e71f8f-f5a3-4e78-a476-a538f299fd07' of size 335 bytes with 0 envelopes.
2026-07-26 19:41:43,270 [canton-env-ec-82] INFO  c.d.c.d.s.s.GrpcSequencerService:domain=local tid:171132b8a3970f1163730983bd0bdca6 - 'MED::local::12209aebc618...' sends request with id 'tick-471cbdeb-090d-426d-a784-7f46ce26b176' of size 336 bytes with 0 envelopes.
2026-07-26 19:42:03,562 [canton-env-ec-30] INFO  c.d.c.d.s.s.GrpcSequencerService:domain=local tid:171132b8a3970f1163730983bd0bdca6 - 'PAR::sandbox::12206f7953e7...' sends request with id 'tick-024d3b02-5d97-4284-8c5b-c954c6bd0cc8' of size 337 bytes with 0 envelopes.
2026-07-26 19:42:13,259 [canton-env-ec-30] INFO  c.d.c.d.s.s.GrpcSequencerService:domain=local tid:171132b8a3970f1163730983bd0bdca6 - 'PAR::sandbox::12206f7953e7...' sends request with id 'tick-640844b0-3c17-4a42-addf-64b01c28ac12' of size 338 bytes with 0 envelopes.
2026-07-26 20:15:40,001 [canton-env-ec-82] INFO  c.d.c.d.s.a.MemberAuthenticationServiceOld:domain=local - MED::local::12209aebc618... authenticated new token with expiry 2026-07-26T15:45:40.001364Z
2026-07-26 20:15:40,002 [canton-env-ec-25] INFO  c.d.c.d.s.a.MemberAuthenticationServiceOld:domain=local - DOM::local::12209aebc618... authenticated new token with expiry 2026-07-26T15:45:40.002090Z
2026-07-26 20:15:59,979 [canton-env-ec-32] INFO  c.d.c.s.c.t.GrpcSequencerSubscription:domain=local/client=mediator - The sequencer subscription has been terminated by the server.
2026-07-26 20:15:59,979 [canton-env-ec-82] INFO  c.d.c.s.c.t.GrpcSubscriptionErrorRetryPolicy:domain=local/client=mediator - Trying to reconnect to give the sequencer the opportunity to become available again (after Connection terminated by the server.)
2026-07-26 20:15:59,979 [canton-env-ec-81] INFO  c.d.c.s.c.t.GrpcSequencerSubscription:domain=local/client=topology-manager - The sequencer subscription has been terminated by the server.
2026-07-26 20:15:59,980 [canton-env-ec-32] INFO  c.d.c.s.c.t.GrpcSubscriptionErrorRetryPolicy:domain=local/client=topology-manager - Trying to reconnect to give the sequencer the opportunity to become available again (after Connection terminated by the server.)
2026-07-26 20:16:00,039 [canton-env-ec-75] INFO  c.d.c.d.s.s.GrpcSequencerService:domain=local - DOM::local::12209aebc618... subscribes from counter=22
2026-07-26 20:16:00,045 [canton-env-ec-32] INFO  c.d.c.d.s.s.GrpcSequencerService:domain=local - MED::local::12209aebc618... subscribes from counter=188
2026-07-26 20:40:08,278 [daml.index.db.connection.indexer housekeeper] WARN  com.zaxxer.hikari.pool.HikariPool - daml.index.db.connection.indexer - Thread starvation or clock leap detected (housekeeper delta=9m22s978ms).
2026-07-26 20:40:08,374 [daml.index.db.connection.api-server housekeeper] WARN  com.zaxxer.hikari.pool.HikariPool - daml.index.db.connection.api-server - Thread starvation or clock leap detected (housekeeper delta=9m22s978ms).
2026-07-26 20:40:37,711 [canton-env-ec-80] INFO  c.d.c.d.s.a.MemberAuthenticationServiceOld:domain=local - PAR::sandbox::12206f7953e7... authenticated new token with expiry 2026-07-26T16:10:37.710954Z
2026-07-26 20:40:39,871 [daml.index.db.threadpool.connection.indexer-6] INFO  c.d.c.p.i.MeteringAggregator:participant=sandbox - Aggregating transaction metering for LedgerMeteringEnd(Offset(Bytes(00000000000000003a)),2026-07-26T15:00:00Z)
2026-07-26 20:40:39,874 [daml.index.db.threadpool.connection.indexer-6] INFO  c.d.c.p.i.MeteringAggregator:participant=sandbox - Aggregating transaction metering completed up to LedgerMeteringEnd(Offset(Bytes(00000000000000003a)),2026-07-26T15:00:00Z)
2026-07-26 20:40:59,225 [canton-env-ec-85] INFO  c.d.c.s.c.t.GrpcSequencerSubscription:participant=sandbox/domainId=local::12209aebc618 - The sequencer subscription has been terminated by the server.
2026-07-26 20:40:59,226 [canton-env-ec-80] INFO  c.d.c.s.c.t.GrpcSubscriptionErrorRetryPolicy:participant=sandbox/domainId=local::12209aebc618 - Trying to reconnect to give the sequencer the opportunity to become available again (after Connection terminated by the server.)
2026-07-26 20:40:59,285 [canton-env-ec-85] INFO  c.d.c.d.s.s.GrpcSequencerService:domain=local - PAR::sandbox::12206f7953e7... subscribes from counter=197
2026-07-26 20:52:15,145 [canton-env-ec-80] INFO  c.d.c.p.a.s.a.ApiPartyManagementService:participant=sandbox tid:0cb6de5b96a32de3d73cab1e5542e98e - Listing known parties.
2026-07-26 20:52:15,167 [canton-env-ec-81] INFO  c.d.c.p.a.s.c.CommandSubmissionServiceImpl:participant=sandbox tid:d2b9957b747b61a5b2fb7e1b1ae7b36b - Phase 1 started: Submitting commands for interpretation: Commands(
  commandId = 9d1d2f05-f656-4b4b-80e2-7b0517f3043e,
  submissionId = 7e24abe7-6fe7-4feb-966a-dc06fed44071,
  applicationId = programmable-money-backend,
  actAs = party-f3d1e2bc-b44a-469a-9cbc-872a85232502::12206f7953e7...,
  submittedAt = 2026-07-26T15:22:15.166094Z,
  ledgerEffectiveTime = 2026-07-26T15:22:15.166093Z,
  deduplicationPeriod = (duration=PT168H),
  ...
).
2026-07-26 20:52:15,222 [canton-env-ec-75] INFO  c.d.c.p.p.TransactionProcessor:participant=sandbox/domainId=local::12209aebc618 tid:d2b9957b747b61a5b2fb7e1b1ae7b36b - Phase 1 completed: Submitting 3 envelopes for Transaction request, submitters party-f3d1e2bc-b44a-469a-9cbc-872a85232502::12206f7953e7..., command-id 9d1d2f05-f656-4b4b-80e2-7b0517f3043e
2026-07-26 20:52:15,225 [canton-env-ec-80] INFO  c.d.c.d.s.s.GrpcSequencerService:domain=local tid:d2b9957b747b61a5b2fb7e1b1ae7b36b - 'PAR::sandbox::12206f7953e7...' sends request with id 'a0e12600-e066-47d8-a278-7072e1293074' of size 2708 bytes with 3 envelopes.
2026-07-26 20:52:15,232 [canton-env-ec-30] INFO  c.d.c.p.p.DefaultMessageDispatcher:participant=sandbox/domainId=local::12209aebc618 tid:d2b9957b747b61a5b2fb7e1b1ae7b36b - Processing event at sc=198, ts=2026-07-26T15:22:15.227128Z, messageId=a0e12600-e066-47d8-a278-7072e1293074, with contents=Seq(RootHashMessage(root hash = SHA-256:f43c5a8e26bc..., payload size = 0), EncryptedViewMessageV2(view hash = ViewHash(SHA-256:c64c5e98a6e2...), view type = TransactionViewType, size = 1221))
2026-07-26 20:52:15,233 [canton-env-ec-75] INFO  c.d.c.p.p.TransactionProcessor:participant=sandbox/domainId=local::12209aebc618 tid:d2b9957b747b61a5b2fb7e1b1ae7b36b - Phase 3: Validating Transaction request=2026-07-26T15:22:15.227128Z with 1 envelope(s)
2026-07-26 20:52:15,235 [canton-env-ec-30] INFO  c.d.c.d.m.ConfirmationResponseProcessor:domain=local/node=mediator tid:d2b9957b747b61a5b2fb7e1b1ae7b36b - Phase 2: Registered request=2026-07-26T15:22:15.227128Z with 1 view(s). Initial state: ViewPosition("") -> ViewState(
  quorumsState = Seq(Quorum(confirmers = party-f3d1e2bc-b44a-469a-9cbc-872a85232502::12206f7953e7... -> 1, threshold = 1), Quorum(confirmers = sandbox::12206f7953e7... -> 1, threshold = 1)),
  consortiumVoting = Map(party-f3d1e2bc-b44a-469a-9cbc-872a85232502::12206f7953e7... -> ConsortiumVotingState(), sandbox::12206f7953e7... -> ConsortiumVotingState()),
  rejections = Seq()
)
2026-07-26 20:52:15,336 [canton-env-ec-77] INFO  c.d.c.p.p.TransactionProcessor:participant=sandbox/domainId=local::12209aebc618 tid:d2b9957b747b61a5b2fb7e1b1ae7b36b - Phase 4: Sending for request=2026-07-26T15:22:15.227128Z with msgId=0a78ab39-da97-4118-919c-34e9411fc245 approved=1, rejected=0
2026-07-26 20:52:15,337 [canton-env-ec-76] INFO  c.d.c.d.s.s.GrpcSequencerService:domain=local tid:d2b9957b747b61a5b2fb7e1b1ae7b36b - 'PAR::sandbox::12206f7953e7...' sends request with id '0a78ab39-da97-4118-919c-34e9411fc245' of size 756 bytes with 1 envelopes.
2026-07-26 20:52:15,340 [canton-env-ec-77] INFO  c.d.c.p.p.DefaultMessageDispatcher:participant=sandbox/domainId=local::12209aebc618 tid:d2b9957b747b61a5b2fb7e1b1ae7b36b - Processing event at sc=199, ts=2026-07-26T15:22:15.338530Z, messageId=0a78ab39-da97-4118-919c-34e9411fc245, with contents=Seq()
2026-07-26 20:52:15,340 [canton-env-ec-77] INFO  c.d.c.d.m.ConfirmationResponseProcessor:domain=local/node=mediator tid:d2b9957b747b61a5b2fb7e1b1ae7b36b - Phase 5: Received responses for request=RequestId(2026-07-26T15:22:15.227128Z): ParticipantResponse(sender = PAR::sandbox::12206f7953e7..., ts = 2026-07-26T15:22:15.338530Z, approved = 1)
2026-07-26 20:52:15,341 [canton-env-ec-77] INFO  c.d.c.d.m.ConfirmationResponseProcessor:domain=local/node=mediator tid:d2b9957b747b61a5b2fb7e1b1ae7b36b - Phase 6: Finalized request=RequestId(2026-07-26T15:22:15.227128Z) with verdict Approve
2026-07-26 20:52:15,342 [canton-env-ec-75] INFO  c.d.c.d.s.s.GrpcSequencerService:domain=local tid:d2b9957b747b61a5b2fb7e1b1ae7b36b - 'MED::local::12209aebc618...' sends request with id 'mmid:verdict:1785079335227128' of size 696 bytes with 1 envelopes.
2026-07-26 20:52:15,345 [canton-env-ec-80] INFO  c.d.c.p.p.DefaultMessageDispatcher:participant=sandbox/domainId=local::12209aebc618 tid:d2b9957b747b61a5b2fb7e1b1ae7b36b - Processing event at sc=200, ts=2026-07-26T15:22:15.343547Z, with contents=SignedProtocolMessage(
  TransactionResultMessage(requestId = 2026-07-26T15:22:15.227128Z, verdict = Approve, rootHash = SHA-256:f43c5a8e26bc..., domainId = local::12209aebc618...),
  signatures = Signature(signature = a55d1bcf02d5, signedBy = 1220382abd91...)
)
2026-07-26 20:52:15,348 [input-mapping-pool-10] INFO  c.d.c.p.i.p.ParallelIndexerSubscription:participant=sandbox tid:d2b9957b747b61a5b2fb7e1b1ae7b36b - Phase 7: Storing at offset=00000000000000003b TransactionAccepted(
  recordTime = 2026-07-26T15:22:15.227128Z,
  transactionId = 1220f43c5a8e26bcd6182bd4c78a18aa9033e4297f160618a8bb85627ef040a69e29,
  transactionMeta = TransactionMeta(ledgerEffectiveTime = 2026-07-26T15:22:15.166093Z, submissionTime = 2026-07-26T15:22:15.166093Z, domainId = local::12209aebc618..., ...),
  completion = CompletionInfo(
    actAs = party-f3d1e2bc-b44a-469a-9cbc-872a85232502::12206f7953e7...,
    commandId = 9d1d2f05-f656-4b4b-80e2-7b0517f3043e,
    applicationId = programmable-money-backend,
    deduplication period = (offset=Offset(Bytes(000000000000000001))),
    submissionId = Some(7e24abe7-6fe7-4feb-966a-dc06fed44071),
    ...
  ),
  nodes = 1,
  roots = 1,
  ...
)
2026-07-26 20:52:15,352 [canton-env-ec-81] INFO  c.d.c.p.a.s.t.TransactionServiceImpl:participant=sandbox - Received request for flat transaction by ID, ledgerId -> 'sandbox', transactionId -> '1220f43c5a8e26bcd6182bd4c78a18aa9033e4297f160618a8bb85627ef040a69e29', parties -> ['party-f3d1e2bc-b44a-469a-9cbc-872a85232502::12206f7953e7edc58874bebcb1ffbf758c4c4520e4ffe5754a182572d56a9b99179b'].
2026-07-26 20:52:45,489 [canton-env-ec-81] INFO  c.d.c.d.s.s.GrpcSequencerService:domain=local tid:d2b9957b747b61a5b2fb7e1b1ae7b36b - 'MED::local::12209aebc618...' sends request with id 'tick-74760a40-5b7e-42d5-bbe5-249e43ee5d6b' of size 336 bytes with 0 envelopes.
2026-07-26 20:53:06,962 [canton-env-ec-83] INFO  c.d.c.p.a.s.c.CommandSubmissionServiceImpl:participant=sandbox tid:a99a274b4ae2341c1be723775f73a220 - Phase 1 started: Submitting commands for interpretation: Commands(
  commandId = 0534013d-9cf9-4629-83e9-fa26861e5f86,
  submissionId = 14a95541-97f5-4cca-a695-2813d49d134a,
  applicationId = programmable-money-backend,
  actAs = party-f3d1e2bc-b44a-469a-9cbc-872a85232502::12206f7953e7...,
  submittedAt = 2026-07-26T15:23:06.961927Z,
  ledgerEffectiveTime = 2026-07-26T15:23:06.961924Z,
  deduplicationPeriod = (duration=PT168H),
  ...
).
2026-07-26 20:53:06,976 [canton-env-ec-76] INFO  c.d.c.p.p.TransactionProcessor:participant=sandbox/domainId=local::12209aebc618 tid:a99a274b4ae2341c1be723775f73a220 - Phase 1 completed: Submitting 3 envelopes for Transaction request, submitters party-f3d1e2bc-b44a-469a-9cbc-872a85232502::12206f7953e7..., command-id 0534013d-9cf9-4629-83e9-fa26861e5f86
2026-07-26 20:53:06,977 [canton-env-ec-83] INFO  c.d.c.d.s.s.GrpcSequencerService:domain=local tid:a99a274b4ae2341c1be723775f73a220 - 'PAR::sandbox::12206f7953e7...' sends request with id '586bee30-a382-4c5e-b031-f7c94f4706c0' of size 2934 bytes with 3 envelopes.
2026-07-26 20:53:06,981 [canton-env-ec-20] INFO  c.d.c.p.p.DefaultMessageDispatcher:participant=sandbox/domainId=local::12209aebc618 tid:a99a274b4ae2341c1be723775f73a220 - Processing event at sc=201, ts=2026-07-26T15:23:06.978701Z, messageId=586bee30-a382-4c5e-b031-f7c94f4706c0, with contents=Seq(RootHashMessage(root hash = SHA-256:37ca68d677b1..., payload size = 0), EncryptedViewMessageV2(view hash = ViewHash(SHA-256:00a9a356c444...), view type = TransactionViewType, size = 1446))
2026-07-26 20:53:06,981 [canton-env-ec-32] INFO  c.d.c.p.p.TransactionProcessor:participant=sandbox/domainId=local::12209aebc618 tid:a99a274b4ae2341c1be723775f73a220 - Phase 3: Validating Transaction request=2026-07-26T15:23:06.978701Z with 1 envelope(s)
2026-07-26 20:53:06,982 [canton-env-ec-73] INFO  c.d.c.d.m.ConfirmationResponseProcessor:domain=local/node=mediator tid:a99a274b4ae2341c1be723775f73a220 - Phase 2: Registered request=2026-07-26T15:23:06.978701Z with 1 view(s). Initial state: ViewPosition("") -> ViewState(
  quorumsState = Seq(Quorum(confirmers = party-f3d1e2bc-b44a-469a-9cbc-872a85232502::12206f7953e7... -> 1, threshold = 1), Quorum(confirmers = sandbox::12206f7953e7... -> 1, threshold = 1)),
  consortiumVoting = Map(party-f3d1e2bc-b44a-469a-9cbc-872a85232502::12206f7953e7... -> ConsortiumVotingState(), sandbox::12206f7953e7... -> ConsortiumVotingState()),
  rejections = Seq()
)
2026-07-26 20:53:06,994 [canton-env-ec-83] INFO  c.d.c.p.p.TransactionProcessor:participant=sandbox/domainId=local::12209aebc618 tid:a99a274b4ae2341c1be723775f73a220 - Phase 4: Sending for request=2026-07-26T15:23:06.978701Z with msgId=10e51fc9-7c54-4545-8770-15d18140f228 approved=1, rejected=0
2026-07-26 20:53:06,995 [canton-env-ec-80] INFO  c.d.c.d.s.s.GrpcSequencerService:domain=local tid:a99a274b4ae2341c1be723775f73a220 - 'PAR::sandbox::12206f7953e7...' sends request with id '10e51fc9-7c54-4545-8770-15d18140f228' of size 758 bytes with 1 envelopes.
2026-07-26 20:53:06,998 [canton-env-ec-73] INFO  c.d.c.p.p.DefaultMessageDispatcher:participant=sandbox/domainId=local::12209aebc618 tid:a99a274b4ae2341c1be723775f73a220 - Processing event at sc=202, ts=2026-07-26T15:23:06.996585Z, messageId=10e51fc9-7c54-4545-8770-15d18140f228, with contents=Seq()
2026-07-26 20:53:06,999 [canton-env-ec-75] INFO  c.d.c.d.m.ConfirmationResponseProcessor:domain=local/node=mediator tid:a99a274b4ae2341c1be723775f73a220 - Phase 5: Received responses for request=RequestId(2026-07-26T15:23:06.978701Z): ParticipantResponse(sender = PAR::sandbox::12206f7953e7..., ts = 2026-07-26T15:23:06.996585Z, approved = 1)
2026-07-26 20:53:06,999 [canton-env-ec-81] INFO  c.d.c.d.m.ConfirmationResponseProcessor:domain=local/node=mediator tid:a99a274b4ae2341c1be723775f73a220 - Phase 6: Finalized request=RequestId(2026-07-26T15:23:06.978701Z) with verdict Approve
2026-07-26 20:53:07,002 [canton-env-ec-83] INFO  c.d.c.d.s.s.GrpcSequencerService:domain=local tid:a99a274b4ae2341c1be723775f73a220 - 'MED::local::12209aebc618...' sends request with id 'mmid:verdict:1785079386978701' of size 716 bytes with 1 envelopes.
2026-07-26 20:53:07,005 [canton-env-ec-20] INFO  c.d.c.p.p.DefaultMessageDispatcher:participant=sandbox/domainId=local::12209aebc618 tid:a99a274b4ae2341c1be723775f73a220 - Processing event at sc=203, ts=2026-07-26T15:23:07.003548Z, with contents=SignedProtocolMessage(
  TransactionResultMessage(requestId = 2026-07-26T15:23:06.978701Z, verdict = Approve, rootHash = SHA-256:37ca68d677b1..., domainId = local::12209aebc618...),
  signatures = Signature(signature = 446128b69072, signedBy = 1220382abd91...)
)
2026-07-26 20:53:07,009 [input-mapping-pool-11] INFO  c.d.c.p.i.p.ParallelIndexerSubscription:participant=sandbox tid:a99a274b4ae2341c1be723775f73a220 - Phase 7: Storing at offset=00000000000000003c TransactionAccepted(
  recordTime = 2026-07-26T15:23:06.978701Z,
  transactionId = 122037ca68d677b17d1fb4b727c9f47adbf0cea317406bbdeacac6c08bb61b3aa8fd,
  transactionMeta = TransactionMeta(ledgerEffectiveTime = 2026-07-26T15:23:06.961924Z, submissionTime = 2026-07-26T15:23:06.961924Z, domainId = local::12209aebc618..., ...),
  completion = CompletionInfo(
    actAs = party-f3d1e2bc-b44a-469a-9cbc-872a85232502::12206f7953e7...,
    commandId = 0534013d-9cf9-4629-83e9-fa26861e5f86,
    applicationId = programmable-money-backend,
    deduplication period = (offset=Offset(Bytes(000000000000000001))),
    submissionId = Some(14a95541-97f5-4cca-a695-2813d49d134a),
    ...
  ),
  nodes = 2,
  roots = 1,
  ...
)
2026-07-26 20:53:07,012 [canton-env-ec-76] INFO  c.d.c.p.a.s.t.TransactionServiceImpl:participant=sandbox - Received request for transaction by ID, ledgerId -> 'sandbox', transactionId -> '122037ca68d677b17d1fb4b727c9f47adbf0cea317406bbdeacac6c08bb61b3aa8fd', parties -> ['party-f3d1e2bc-b44a-469a-9cbc-872a85232502::12206f7953e7edc58874bebcb1ffbf758c4c4520e4ffe5754a182572d56a9b99179b'].
2026-07-26 20:53:15,424 [canton-env-ec-32] INFO  c.d.c.d.s.s.GrpcSequencerService:domain=local tid:d2b9957b747b61a5b2fb7e1b1ae7b36b - 'PAR::sandbox::12206f7953e7...' sends request with id 'tick-69aecb18-3f48-418b-81f6-dfd43b1739c2' of size 337 bytes with 0 envelopes.
2026-07-26 20:53:37,239 [canton-env-ec-30] INFO  c.d.c.d.s.s.GrpcSequencerService:domain=local tid:a99a274b4ae2341c1be723775f73a220 - 'MED::local::12209aebc618...' sends request with id 'tick-25b53955-1163-4b30-b9b1-2377b06b7a40' of size 335 bytes with 0 envelopes.
2026-07-26 20:54:07,223 [canton-env-ec-32] INFO  c.d.c.d.s.s.GrpcSequencerService:domain=local tid:d2b9957b747b61a5b2fb7e1b1ae7b36b - 'PAR::sandbox::12206f7953e7...' sends request with id 'tick-93a3713c-74c6-4edd-b609-7b1035450e2d' of size 338 bytes with 0 envelopes.
2026-07-26 21:16:08,362 [daml.index.db.connection.indexer housekeeper] WARN  com.zaxxer.hikari.pool.HikariPool - daml.index.db.connection.indexer - Thread starvation or clock leap detected (housekeeper delta=15m29s905ms).
2026-07-26 21:16:08,449 [daml.index.db.connection.api-server housekeeper] WARN  com.zaxxer.hikari.pool.HikariPool - daml.index.db.connection.api-server - Thread starvation or clock leap detected (housekeeper delta=15m29s905ms).
2026-07-26 21:23:07,267 [daml.index.db.connection.indexer housekeeper] WARN  com.zaxxer.hikari.pool.HikariPool - daml.index.db.connection.indexer - Thread starvation or clock leap detected (housekeeper delta=6m58s906ms).
2026-07-26 21:23:07,351 [daml.index.db.connection.api-server housekeeper] WARN  com.zaxxer.hikari.pool.HikariPool - daml.index.db.connection.api-server - Thread starvation or clock leap detected (housekeeper delta=6m58s902ms).
2026-07-26 21:23:28,119 [canton-env-ec-30] INFO  c.d.c.s.c.t.GrpcSequencerSubscription:domain=local/client=mediator - The sequencer subscription has been terminated by the server.
2026-07-26 21:23:28,122 [canton-env-ec-32] INFO  c.d.c.s.c.t.GrpcSequencerSubscription:domain=local/client=topology-manager - The sequencer subscription has been terminated by the server.
2026-07-26 21:23:28,122 [canton-env-ec-81] INFO  c.d.c.s.c.t.GrpcSubscriptionErrorRetryPolicy:domain=local/client=topology-manager - Trying to reconnect to give the sequencer the opportunity to become available again (after Connection terminated by the server.)
2026-07-26 21:23:28,122 [canton-env-ec-89] INFO  c.d.c.s.c.t.GrpcSubscriptionErrorRetryPolicy:domain=local/client=mediator - Trying to reconnect to give the sequencer the opportunity to become available again (after Connection terminated by the server.)
2026-07-26 21:23:28,150 [canton-env-ec-77] INFO  c.d.c.d.s.a.MemberAuthenticationServiceOld:domain=local - DOM::local::12209aebc618... authenticated new token with expiry 2026-07-26T16:53:28.150391Z
2026-07-26 21:23:28,150 [canton-env-ec-79] INFO  c.d.c.d.s.a.MemberAuthenticationServiceOld:domain=local - MED::local::12209aebc618... authenticated new token with expiry 2026-07-26T16:53:28.150394Z
2026-07-26 21:23:28,183 [canton-env-ec-79] INFO  c.d.c.d.s.s.GrpcSequencerService:domain=local - DOM::local::12209aebc618... subscribes from counter=22
2026-07-26 21:23:28,190 [canton-env-ec-74] INFO  c.d.c.d.s.s.GrpcSequencerService:domain=local - MED::local::12209aebc618... subscribes from counter=196
2026-07-26 21:31:46,899 [daml.index.db.threadpool.connection.indexer-3] INFO  c.d.c.p.i.MeteringAggregator:participant=sandbox - Aggregating transaction metering for LedgerMeteringEnd(Offset(Bytes(00000000000000003c)),2026-07-26T16:00:00Z)
2026-07-26 21:31:46,905 [daml.index.db.threadpool.connection.indexer-3] INFO  c.d.c.p.i.MeteringAggregator:participant=sandbox - Aggregating transaction metering completed up to LedgerMeteringEnd(Offset(Bytes(00000000000000003c)),2026-07-26T16:00:00Z)
2026-07-26 21:40:17,747 [canton-env-ec-30] INFO  c.d.c.d.s.a.MemberAuthenticationServiceOld:domain=local - PAR::sandbox::12206f7953e7... authenticated new token with expiry 2026-07-26T17:10:17.746845Z
2026-07-26 21:40:26,694 [canton-env-ec-74] INFO  c.d.c.p.a.s.a.ApiPartyManagementService:participant=sandbox tid:568cab491abcf16d85c2f29354f9880c - Listing known parties.
2026-07-26 21:40:26,710 [canton-env-ec-20] INFO  c.d.c.p.a.s.c.CommandSubmissionServiceImpl:participant=sandbox tid:798af12014aa906146157016b25caf4e - Phase 1 started: Submitting commands for interpretation: Commands(
  commandId = 6f00760a-fc93-4bf8-89dc-a8ca1ffc0e8b,
  submissionId = 8d0caacd-8323-4fc0-98e6-55116529e78f,
  applicationId = programmable-money-backend,
  actAs = party-f3d1e2bc-b44a-469a-9cbc-872a85232502::12206f7953e7...,
  submittedAt = 2026-07-26T16:10:26.709733Z,
  ledgerEffectiveTime = 2026-07-26T16:10:26.709733Z,
  deduplicationPeriod = (duration=PT168H),
  ...
).
2026-07-26 21:40:26,769 [canton-env-ec-20] INFO  c.d.c.p.p.TransactionProcessor:participant=sandbox/domainId=local::12209aebc618 tid:798af12014aa906146157016b25caf4e - Phase 1 completed: Submitting 3 envelopes for Transaction request, submitters party-f3d1e2bc-b44a-469a-9cbc-872a85232502::12206f7953e7..., command-id 6f00760a-fc93-4bf8-89dc-a8ca1ffc0e8b
2026-07-26 21:40:26,772 [canton-env-ec-81] INFO  c.d.c.d.s.s.GrpcSequencerService:domain=local tid:798af12014aa906146157016b25caf4e - 'PAR::sandbox::12206f7953e7...' sends request with id 'b96c65ab-aafd-40a3-8c04-1be178e0b354' of size 2738 bytes with 3 envelopes.
2026-07-26 21:40:26,782 [canton-env-ec-30] INFO  c.d.c.p.p.DefaultMessageDispatcher:participant=sandbox/domainId=local::12209aebc618 tid:798af12014aa906146157016b25caf4e - Processing event at sc=206, ts=2026-07-26T16:10:26.774319Z, messageId=b96c65ab-aafd-40a3-8c04-1be178e0b354, with contents=Seq(RootHashMessage(root hash = SHA-256:4dc10259b1a0..., payload size = 0), EncryptedViewMessageV2(view hash = ViewHash(SHA-256:1d930731ef47...), view type = TransactionViewType, size = 1249))
2026-07-26 21:40:26,784 [canton-env-ec-83] INFO  c.d.c.p.p.TransactionProcessor:participant=sandbox/domainId=local::12209aebc618 tid:798af12014aa906146157016b25caf4e - Phase 3: Validating Transaction request=2026-07-26T16:10:26.774319Z with 1 envelope(s)
2026-07-26 21:40:26,785 [canton-env-ec-77] INFO  c.d.c.d.m.ConfirmationResponseProcessor:domain=local/node=mediator tid:798af12014aa906146157016b25caf4e - Phase 2: Registered request=2026-07-26T16:10:26.774319Z with 1 view(s). Initial state: ViewPosition("") -> ViewState(
  quorumsState = Seq(Quorum(confirmers = party-f3d1e2bc-b44a-469a-9cbc-872a85232502::12206f7953e7... -> 1, threshold = 1), Quorum(confirmers = sandbox::12206f7953e7... -> 1, threshold = 1)),
  consortiumVoting = Map(party-f3d1e2bc-b44a-469a-9cbc-872a85232502::12206f7953e7... -> ConsortiumVotingState(), sandbox::12206f7953e7... -> ConsortiumVotingState()),
  rejections = Seq()
)
2026-07-26 21:40:26,892 [canton-env-ec-77] INFO  c.d.c.p.p.TransactionProcessor:participant=sandbox/domainId=local::12209aebc618 tid:798af12014aa906146157016b25caf4e - Phase 4: Sending for request=2026-07-26T16:10:26.774319Z with msgId=d980cf3b-f74e-49e6-bbb4-91fdf97de9af approved=1, rejected=0
2026-07-26 21:40:26,894 [canton-env-ec-27] INFO  c.d.c.d.s.s.GrpcSequencerService:domain=local tid:798af12014aa906146157016b25caf4e - 'PAR::sandbox::12206f7953e7...' sends request with id 'd980cf3b-f74e-49e6-bbb4-91fdf97de9af' of size 759 bytes with 1 envelopes.
2026-07-26 21:40:26,898 [canton-env-ec-28] INFO  c.d.c.p.p.DefaultMessageDispatcher:participant=sandbox/domainId=local::12209aebc618 tid:798af12014aa906146157016b25caf4e - Processing event at sc=207, ts=2026-07-26T16:10:26.895027Z, messageId=d980cf3b-f74e-49e6-bbb4-91fdf97de9af, with contents=Seq()
2026-07-26 21:40:26,898 [canton-env-ec-29] INFO  c.d.c.d.m.ConfirmationResponseProcessor:domain=local/node=mediator tid:798af12014aa906146157016b25caf4e - Phase 5: Received responses for request=RequestId(2026-07-26T16:10:26.774319Z): ParticipantResponse(sender = PAR::sandbox::12206f7953e7..., ts = 2026-07-26T16:10:26.895027Z, approved = 1)
2026-07-26 21:40:26,899 [canton-env-ec-27] INFO  c.d.c.d.m.ConfirmationResponseProcessor:domain=local/node=mediator tid:798af12014aa906146157016b25caf4e - Phase 6: Finalized request=RequestId(2026-07-26T16:10:26.774319Z) with verdict Approve
2026-07-26 21:40:26,901 [canton-env-ec-26] INFO  c.d.c.d.s.s.GrpcSequencerService:domain=local tid:798af12014aa906146157016b25caf4e - 'MED::local::12209aebc618...' sends request with id 'mmid:verdict:1785082226774319' of size 694 bytes with 1 envelopes.
2026-07-26 21:40:26,904 [canton-env-ec-26] INFO  c.d.c.p.p.DefaultMessageDispatcher:participant=sandbox/domainId=local::12209aebc618 tid:798af12014aa906146157016b25caf4e - Processing event at sc=208, ts=2026-07-26T16:10:26.902055Z, with contents=SignedProtocolMessage(
  TransactionResultMessage(requestId = 2026-07-26T16:10:26.774319Z, verdict = Approve, rootHash = SHA-256:4dc10259b1a0..., domainId = local::12209aebc618...),
  signatures = Signature(signature = 56c3ecf1d340, signedBy = 1220382abd91...)
)
2026-07-26 21:40:26,910 [input-mapping-pool-12] INFO  c.d.c.p.i.p.ParallelIndexerSubscription:participant=sandbox tid:798af12014aa906146157016b25caf4e - Phase 7: Storing at offset=00000000000000003d TransactionAccepted(
  recordTime = 2026-07-26T16:10:26.774319Z,
  transactionId = 12204dc10259b1a0828ef64d370eb99d76feb8e740253a2d8548357f29732c321603,
  transactionMeta = TransactionMeta(ledgerEffectiveTime = 2026-07-26T16:10:26.709733Z, submissionTime = 2026-07-26T16:10:26.709733Z, domainId = local::12209aebc618..., ...),
  completion = CompletionInfo(
    actAs = party-f3d1e2bc-b44a-469a-9cbc-872a85232502::12206f7953e7...,
    commandId = 6f00760a-fc93-4bf8-89dc-a8ca1ffc0e8b,
    applicationId = programmable-money-backend,
    deduplication period = (offset=Offset(Bytes(000000000000000001))),
    submissionId = Some(8d0caacd-8323-4fc0-98e6-55116529e78f),
    ...
  ),
  nodes = 1,
  roots = 1,
  ...
)
2026-07-26 21:40:26,913 [canton-env-ec-29] INFO  c.d.c.p.a.s.t.TransactionServiceImpl:participant=sandbox - Received request for flat transaction by ID, ledgerId -> 'sandbox', transactionId -> '12204dc10259b1a0828ef64d370eb99d76feb8e740253a2d8548357f29732c321603', parties -> ['party-f3d1e2bc-b44a-469a-9cbc-872a85232502::12206f7953e7edc58874bebcb1ffbf758c4c4520e4ffe5754a182572d56a9b99179b'].
2026-07-26 21:40:26,924 [canton-env-ec-27] INFO  c.d.c.p.a.s.c.CommandSubmissionServiceImpl:participant=sandbox tid:39aa27c601231b6d04336d2722155ef6 - Phase 1 started: Submitting commands for interpretation: Commands(
  commandId = 038a5f53-e1af-4158-81fe-bb9834bb0229,
  submissionId = 84b3eaf2-b3a2-4e2e-848e-c945f304bb40,
  applicationId = programmable-money-backend,
  actAs = party-f3d1e2bc-b44a-469a-9cbc-872a85232502::12206f7953e7...,
  submittedAt = 2026-07-26T16:10:26.924242Z,
  ledgerEffectiveTime = 2026-07-26T16:10:26.924242Z,
  deduplicationPeriod = (duration=PT168H),
  ...
).
2026-07-26 21:40:26,930 [canton-env-ec-73] INFO  c.d.c.p.p.TransactionProcessor:participant=sandbox/domainId=local::12209aebc618 tid:39aa27c601231b6d04336d2722155ef6 - Phase 1 completed: Submitting 3 envelopes for Transaction request, submitters party-f3d1e2bc-b44a-469a-9cbc-872a85232502::12206f7953e7..., command-id 038a5f53-e1af-4158-81fe-bb9834bb0229
2026-07-26 21:40:26,931 [canton-env-ec-29] INFO  c.d.c.d.s.s.GrpcSequencerService:domain=local tid:39aa27c601231b6d04336d2722155ef6 - 'PAR::sandbox::12206f7953e7...' sends request with id '4d107cb2-fa5a-4144-abec-83736c50dc8c' of size 2727 bytes with 3 envelopes.
2026-07-26 21:40:26,934 [canton-env-ec-26] INFO  c.d.c.p.p.DefaultMessageDispatcher:participant=sandbox/domainId=local::12209aebc618 tid:39aa27c601231b6d04336d2722155ef6 - Processing event at sc=209, ts=2026-07-26T16:10:26.932405Z, messageId=4d107cb2-fa5a-4144-abec-83736c50dc8c, with contents=Seq(RootHashMessage(root hash = SHA-256:2e63e3d8fe1e..., payload size = 0), EncryptedViewMessageV2(view hash = ViewHash(SHA-256:3c94f91371a6...), view type = TransactionViewType, size = 1246))
2026-07-26 21:40:26,935 [canton-env-ec-28] INFO  c.d.c.p.p.TransactionProcessor:participant=sandbox/domainId=local::12209aebc618 tid:39aa27c601231b6d04336d2722155ef6 - Phase 3: Validating Transaction request=2026-07-26T16:10:26.932405Z with 1 envelope(s)
2026-07-26 21:40:26,935 [canton-env-ec-28] INFO  c.d.c.d.m.ConfirmationResponseProcessor:domain=local/node=mediator tid:39aa27c601231b6d04336d2722155ef6 - Phase 2: Registered request=2026-07-26T16:10:26.932405Z with 1 view(s). Initial state: ViewPosition("") -> ViewState(
  quorumsState = Seq(Quorum(confirmers = party-f3d1e2bc-b44a-469a-9cbc-872a85232502::12206f7953e7... -> 1, threshold = 1), Quorum(confirmers = sandbox::12206f7953e7... -> 1, threshold = 1)),
  consortiumVoting = Map(party-f3d1e2bc-b44a-469a-9cbc-872a85232502::12206f7953e7... -> ConsortiumVotingState(), sandbox::12206f7953e7... -> ConsortiumVotingState()),
  rejections = Seq()
)
2026-07-26 21:40:26,940 [canton-env-ec-32] INFO  c.d.c.p.p.TransactionProcessor:participant=sandbox/domainId=local::12209aebc618 tid:39aa27c601231b6d04336d2722155ef6 - Phase 4: Sending for request=2026-07-26T16:10:26.932405Z with msgId=2d01e624-f567-47e9-83ee-a898bfa219b9 approved=1, rejected=0
2026-07-26 21:40:26,941 [canton-env-ec-32] INFO  c.d.c.d.s.s.GrpcSequencerService:domain=local tid:39aa27c601231b6d04336d2722155ef6 - 'PAR::sandbox::12206f7953e7...' sends request with id '2d01e624-f567-47e9-83ee-a898bfa219b9' of size 757 bytes with 1 envelopes.
2026-07-26 21:40:26,943 [canton-env-ec-73] INFO  c.d.c.p.p.DefaultMessageDispatcher:participant=sandbox/domainId=local::12209aebc618 tid:39aa27c601231b6d04336d2722155ef6 - Processing event at sc=210, ts=2026-07-26T16:10:26.942062Z, messageId=2d01e624-f567-47e9-83ee-a898bfa219b9, with contents=Seq()
2026-07-26 21:40:26,944 [canton-env-ec-28] INFO  c.d.c.d.m.ConfirmationResponseProcessor:domain=local/node=mediator tid:39aa27c601231b6d04336d2722155ef6 - Phase 5: Received responses for request=RequestId(2026-07-26T16:10:26.932405Z): ParticipantResponse(sender = PAR::sandbox::12206f7953e7..., ts = 2026-07-26T16:10:26.942062Z, approved = 1)
2026-07-26 21:40:26,944 [canton-env-ec-32] INFO  c.d.c.d.m.ConfirmationResponseProcessor:domain=local/node=mediator tid:39aa27c601231b6d04336d2722155ef6 - Phase 6: Finalized request=RequestId(2026-07-26T16:10:26.932405Z) with verdict Approve
2026-07-26 21:40:26,946 [canton-env-ec-80] INFO  c.d.c.d.s.s.GrpcSequencerService:domain=local tid:39aa27c601231b6d04336d2722155ef6 - 'MED::local::12209aebc618...' sends request with id 'mmid:verdict:1785082226932405' of size 708 bytes with 1 envelopes.
2026-07-26 21:40:26,948 [canton-env-ec-89] INFO  c.d.c.p.p.DefaultMessageDispatcher:participant=sandbox/domainId=local::12209aebc618 tid:39aa27c601231b6d04336d2722155ef6 - Processing event at sc=211, ts=2026-07-26T16:10:26.946524Z, with contents=SignedProtocolMessage(
  TransactionResultMessage(requestId = 2026-07-26T16:10:26.932405Z, verdict = Approve, rootHash = SHA-256:2e63e3d8fe1e..., domainId = local::12209aebc618...),
  signatures = Signature(signature = f1216293f84f, signedBy = 1220382abd91...)
)
2026-07-26 21:40:26,950 [input-mapping-pool-13] INFO  c.d.c.p.i.p.ParallelIndexerSubscription:participant=sandbox tid:39aa27c601231b6d04336d2722155ef6 - Phase 7: Storing at offset=00000000000000003e TransactionAccepted(
  recordTime = 2026-07-26T16:10:26.932405Z,
  transactionId = 12202e63e3d8fe1ee2f7a1b97bbc67a1f4ae8cb43fff6aa87eb7389af0743dbc0230,
  transactionMeta = TransactionMeta(ledgerEffectiveTime = 2026-07-26T16:10:26.924242Z, submissionTime = 2026-07-26T16:10:26.924242Z, domainId = local::12209aebc618..., ...),
  completion = CompletionInfo(
    actAs = party-f3d1e2bc-b44a-469a-9cbc-872a85232502::12206f7953e7...,
    commandId = 038a5f53-e1af-4158-81fe-bb9834bb0229,
    applicationId = programmable-money-backend,
    deduplication period = (offset=Offset(Bytes(000000000000000001))),
    submissionId = Some(84b3eaf2-b3a2-4e2e-848e-c945f304bb40),
    ...
  ),
  nodes = 1,
  roots = 1,
  ...
)
2026-07-26 21:40:26,952 [canton-env-ec-26] INFO  c.d.c.p.a.s.t.TransactionServiceImpl:participant=sandbox - Received request for flat transaction by ID, ledgerId -> 'sandbox', transactionId -> '12202e63e3d8fe1ee2f7a1b97bbc67a1f4ae8cb43fff6aa87eb7389af0743dbc0230', parties -> ['party-f3d1e2bc-b44a-469a-9cbc-872a85232502::12206f7953e7edc58874bebcb1ffbf758c4c4520e4ffe5754a182572d56a9b99179b'].
2026-07-26 21:40:26,960 [canton-env-ec-73] INFO  c.d.c.p.a.s.c.CommandSubmissionServiceImpl:participant=sandbox tid:1ccc42c049987d655df5f8485daf5b8c - Phase 1 started: Submitting commands for interpretation: Commands(
  commandId = 2fa6161a-17e2-460b-8e30-9e9e9403300f,
  submissionId = 33805adf-cf12-41af-b8a6-bb54cc508a42,
  applicationId = programmable-money-backend,
  actAs = party-f3d1e2bc-b44a-469a-9cbc-872a85232502::12206f7953e7...,
  submittedAt = 2026-07-26T16:10:26.959947Z,
  ledgerEffectiveTime = 2026-07-26T16:10:26.959946Z,
  deduplicationPeriod = (duration=PT168H),
  ...
).
2026-07-26 21:40:26,970 [canton-env-ec-28] INFO  c.d.c.p.p.TransactionProcessor:participant=sandbox/domainId=local::12209aebc618 tid:1ccc42c049987d655df5f8485daf5b8c - Phase 1 completed: Submitting 3 envelopes for Transaction request, submitters party-f3d1e2bc-b44a-469a-9cbc-872a85232502::12206f7953e7..., command-id 2fa6161a-17e2-460b-8e30-9e9e9403300f
2026-07-26 21:40:26,972 [canton-env-ec-29] INFO  c.d.c.d.s.s.GrpcSequencerService:domain=local tid:1ccc42c049987d655df5f8485daf5b8c - 'PAR::sandbox::12206f7953e7...' sends request with id 'aa75015a-3510-41d3-a8e5-cc42457ee532' of size 2728 bytes with 3 envelopes.
2026-07-26 21:40:26,976 [canton-env-ec-32] INFO  c.d.c.p.p.DefaultMessageDispatcher:participant=sandbox/domainId=local::12209aebc618 tid:1ccc42c049987d655df5f8485daf5b8c - Processing event at sc=212, ts=2026-07-26T16:10:26.973790Z, messageId=aa75015a-3510-41d3-a8e5-cc42457ee532, with contents=Seq(RootHashMessage(root hash = SHA-256:210e286070cb..., payload size = 0), EncryptedViewMessageV2(view hash = ViewHash(SHA-256:9ba334c574d9...), view type = TransactionViewType, size = 1243))
2026-07-26 21:40:26,977 [canton-env-ec-89] INFO  c.d.c.p.p.TransactionProcessor:participant=sandbox/domainId=local::12209aebc618 tid:1ccc42c049987d655df5f8485daf5b8c - Phase 3: Validating Transaction request=2026-07-26T16:10:26.973790Z with 1 envelope(s)
2026-07-26 21:40:26,979 [canton-env-ec-26] INFO  c.d.c.d.m.ConfirmationResponseProcessor:domain=local/node=mediator tid:1ccc42c049987d655df5f8485daf5b8c - Phase 2: Registered request=2026-07-26T16:10:26.973790Z with 1 view(s). Initial state: ViewPosition("") -> ViewState(
  quorumsState = Seq(Quorum(confirmers = party-f3d1e2bc-b44a-469a-9cbc-872a85232502::12206f7953e7... -> 1, threshold = 1), Quorum(confirmers = sandbox::12206f7953e7... -> 1, threshold = 1)),
  consortiumVoting = Map(party-f3d1e2bc-b44a-469a-9cbc-872a85232502::12206f7953e7... -> ConsortiumVotingState(), sandbox::12206f7953e7... -> ConsortiumVotingState()),
  rejections = Seq()
)
2026-07-26 21:40:26,985 [canton-env-ec-32] INFO  c.d.c.p.p.TransactionProcessor:participant=sandbox/domainId=local::12209aebc618 tid:1ccc42c049987d655df5f8485daf5b8c - Phase 4: Sending for request=2026-07-26T16:10:26.973790Z with msgId=a8797353-403e-43ea-a183-bd55361c5c10 approved=1, rejected=0
2026-07-26 21:40:26,986 [canton-env-ec-27] INFO  c.d.c.d.s.s.GrpcSequencerService:domain=local tid:1ccc42c049987d655df5f8485daf5b8c - 'PAR::sandbox::12206f7953e7...' sends request with id 'a8797353-403e-43ea-a183-bd55361c5c10' of size 755 bytes with 1 envelopes.
2026-07-26 21:40:26,989 [canton-env-ec-80] INFO  c.d.c.p.p.DefaultMessageDispatcher:participant=sandbox/domainId=local::12209aebc618 tid:1ccc42c049987d655df5f8485daf5b8c - Processing event at sc=213, ts=2026-07-26T16:10:26.987162Z, messageId=a8797353-403e-43ea-a183-bd55361c5c10, with contents=Seq()
2026-07-26 21:40:26,989 [canton-env-ec-73] INFO  c.d.c.d.m.ConfirmationResponseProcessor:domain=local/node=mediator tid:1ccc42c049987d655df5f8485daf5b8c - Phase 5: Received responses for request=RequestId(2026-07-26T16:10:26.973790Z): ParticipantResponse(sender = PAR::sandbox::12206f7953e7..., ts = 2026-07-26T16:10:26.987162Z, approved = 1)
2026-07-26 21:40:26,990 [canton-env-ec-28] INFO  c.d.c.d.m.ConfirmationResponseProcessor:domain=local/node=mediator tid:1ccc42c049987d655df5f8485daf5b8c - Phase 6: Finalized request=RequestId(2026-07-26T16:10:26.973790Z) with verdict Approve
2026-07-26 21:40:26,992 [canton-env-ec-28] INFO  c.d.c.d.s.s.GrpcSequencerService:domain=local tid:1ccc42c049987d655df5f8485daf5b8c - 'MED::local::12209aebc618...' sends request with id 'mmid:verdict:1785082226973790' of size 696 bytes with 1 envelopes.
2026-07-26 21:40:26,995 [canton-env-ec-26] INFO  c.d.c.p.p.DefaultMessageDispatcher:participant=sandbox/domainId=local::12209aebc618 tid:1ccc42c049987d655df5f8485daf5b8c - Processing event at sc=214, ts=2026-07-26T16:10:26.993030Z, with contents=SignedProtocolMessage(
  TransactionResultMessage(requestId = 2026-07-26T16:10:26.973790Z, verdict = Approve, rootHash = SHA-256:210e286070cb..., domainId = local::12209aebc618...),
  signatures = Signature(signature = 5606b01d086b, signedBy = 1220382abd91...)
)
2026-07-26 21:40:26,997 [input-mapping-pool-14] INFO  c.d.c.p.i.p.ParallelIndexerSubscription:participant=sandbox tid:1ccc42c049987d655df5f8485daf5b8c - Phase 7: Storing at offset=00000000000000003f TransactionAccepted(
  recordTime = 2026-07-26T16:10:26.973790Z,
  transactionId = 1220210e286070cba00e8c90bb56624d10c56ef93eeb6c4b66e2f73afb25f5725938,
  transactionMeta = TransactionMeta(ledgerEffectiveTime = 2026-07-26T16:10:26.959946Z, submissionTime = 2026-07-26T16:10:26.959946Z, domainId = local::12209aebc618..., ...),
  completion = CompletionInfo(
    actAs = party-f3d1e2bc-b44a-469a-9cbc-872a85232502::12206f7953e7...,
    commandId = 2fa6161a-17e2-460b-8e30-9e9e9403300f,
    applicationId = programmable-money-backend,
    deduplication period = (offset=Offset(Bytes(000000000000000001))),
    submissionId = Some(33805adf-cf12-41af-b8a6-bb54cc508a42),
    ...
  ),
  nodes = 1,
  roots = 1,
  ...
)
2026-07-26 21:40:26,999 [canton-env-ec-89] INFO  c.d.c.p.a.s.t.TransactionServiceImpl:participant=sandbox - Received request for flat transaction by ID, ledgerId -> 'sandbox', transactionId -> '1220210e286070cba00e8c90bb56624d10c56ef93eeb6c4b66e2f73afb25f5725938', parties -> ['party-f3d1e2bc-b44a-469a-9cbc-872a85232502::12206f7953e7edc58874bebcb1ffbf758c4c4520e4ffe5754a182572d56a9b99179b'].
2026-07-26 21:40:27,006 [canton-env-ec-73] INFO  c.d.c.p.a.s.c.CommandSubmissionServiceImpl:participant=sandbox tid:f97f5feabde1ccb245af077d2b2d020c - Phase 1 started: Submitting commands for interpretation: Commands(
  commandId = 1055eae2-f95f-456c-8e5e-9c84937756db,
  submissionId = db31bd89-120f-4cd8-b9d2-8cb5c48494ec,
  applicationId = programmable-money-backend,
  actAs = party-f3d1e2bc-b44a-469a-9cbc-872a85232502::12206f7953e7...,
  submittedAt = 2026-07-26T16:10:27.006607Z,
  ledgerEffectiveTime = 2026-07-26T16:10:27.006606Z,
  deduplicationPeriod = (duration=PT168H),
  ...
).
2026-07-26 21:40:27,012 [canton-env-ec-27] INFO  c.d.c.p.p.TransactionProcessor:participant=sandbox/domainId=local::12209aebc618 tid:f97f5feabde1ccb245af077d2b2d020c - Phase 1 completed: Submitting 3 envelopes for Transaction request, submitters party-f3d1e2bc-b44a-469a-9cbc-872a85232502::12206f7953e7..., command-id 1055eae2-f95f-456c-8e5e-9c84937756db
2026-07-26 21:40:27,014 [canton-env-ec-27] INFO  c.d.c.d.s.s.GrpcSequencerService:domain=local tid:f97f5feabde1ccb245af077d2b2d020c - 'PAR::sandbox::12206f7953e7...' sends request with id 'cada5ec4-4925-4f60-97dc-9dc7a57757f1' of size 2954 bytes with 3 envelopes.
2026-07-26 21:40:27,016 [canton-env-ec-89] INFO  c.d.c.p.p.DefaultMessageDispatcher:participant=sandbox/domainId=local::12209aebc618 tid:f97f5feabde1ccb245af077d2b2d020c - Processing event at sc=215, ts=2026-07-26T16:10:27.014879Z, messageId=cada5ec4-4925-4f60-97dc-9dc7a57757f1, with contents=Seq(RootHashMessage(root hash = SHA-256:163dd039bb3f..., payload size = 0), EncryptedViewMessageV2(view hash = ViewHash(SHA-256:5bc607966bc5...), view type = TransactionViewType, size = 1464))
2026-07-26 21:40:27,017 [canton-env-ec-85] INFO  c.d.c.p.p.TransactionProcessor:participant=sandbox/domainId=local::12209aebc618 tid:f97f5feabde1ccb245af077d2b2d020c - Phase 3: Validating Transaction request=2026-07-26T16:10:27.014879Z with 1 envelope(s)
2026-07-26 21:40:27,018 [canton-env-ec-28] INFO  c.d.c.d.m.ConfirmationResponseProcessor:domain=local/node=mediator tid:f97f5feabde1ccb245af077d2b2d020c - Phase 2: Registered request=2026-07-26T16:10:27.014879Z with 1 view(s). Initial state: ViewPosition("") -> ViewState(
  quorumsState = Seq(Quorum(confirmers = party-f3d1e2bc-b44a-469a-9cbc-872a85232502::12206f7953e7... -> 1, threshold = 1), Quorum(confirmers = sandbox::12206f7953e7... -> 1, threshold = 1)),
  consortiumVoting = Map(party-f3d1e2bc-b44a-469a-9cbc-872a85232502::12206f7953e7... -> ConsortiumVotingState(), sandbox::12206f7953e7... -> ConsortiumVotingState()),
  rejections = Seq()
)
2026-07-26 21:40:27,023 [canton-env-ec-77] INFO  c.d.c.p.p.TransactionProcessor:participant=sandbox/domainId=local::12209aebc618 tid:f97f5feabde1ccb245af077d2b2d020c - Phase 4: Sending for request=2026-07-26T16:10:27.014879Z with msgId=89d447bc-f6ce-44a7-b54c-a357ca4e68b2 approved=1, rejected=0
2026-07-26 21:40:27,025 [canton-env-ec-85] INFO  c.d.c.d.s.s.GrpcSequencerService:domain=local tid:f97f5feabde1ccb245af077d2b2d020c - 'PAR::sandbox::12206f7953e7...' sends request with id '89d447bc-f6ce-44a7-b54c-a357ca4e68b2' of size 756 bytes with 1 envelopes.
2026-07-26 21:40:27,027 [canton-env-ec-80] INFO  c.d.c.p.p.DefaultMessageDispatcher:participant=sandbox/domainId=local::12209aebc618 tid:f97f5feabde1ccb245af077d2b2d020c - Processing event at sc=216, ts=2026-07-26T16:10:27.025625Z, messageId=89d447bc-f6ce-44a7-b54c-a357ca4e68b2, with contents=Seq()
2026-07-26 21:40:27,027 [canton-env-ec-80] INFO  c.d.c.d.m.ConfirmationResponseProcessor:domain=local/node=mediator tid:f97f5feabde1ccb245af077d2b2d020c - Phase 5: Received responses for request=RequestId(2026-07-26T16:10:27.014879Z): ParticipantResponse(sender = PAR::sandbox::12206f7953e7..., ts = 2026-07-26T16:10:27.025625Z, approved = 1)
2026-07-26 21:40:27,028 [canton-env-ec-25] INFO  c.d.c.d.m.ConfirmationResponseProcessor:domain=local/node=mediator tid:f97f5feabde1ccb245af077d2b2d020c - Phase 6: Finalized request=RequestId(2026-07-26T16:10:27.014879Z) with verdict Approve
2026-07-26 21:40:27,030 [canton-env-ec-80] INFO  c.d.c.d.s.s.GrpcSequencerService:domain=local tid:f97f5feabde1ccb245af077d2b2d020c - 'MED::local::12209aebc618...' sends request with id 'mmid:verdict:1785082227014879' of size 707 bytes with 1 envelopes.
2026-07-26 21:40:27,033 [canton-env-ec-29] INFO  c.d.c.p.p.DefaultMessageDispatcher:participant=sandbox/domainId=local::12209aebc618 tid:f97f5feabde1ccb245af077d2b2d020c - Processing event at sc=217, ts=2026-07-26T16:10:27.031134Z, with contents=SignedProtocolMessage(
  TransactionResultMessage(requestId = 2026-07-26T16:10:27.014879Z, verdict = Approve, rootHash = SHA-256:163dd039bb3f..., domainId = local::12209aebc618...),
  signatures = Signature(signature = 94d666129017, signedBy = 1220382abd91...)
)
2026-07-26 21:40:27,035 [input-mapping-pool-15] INFO  c.d.c.p.i.p.ParallelIndexerSubscription:participant=sandbox tid:f97f5feabde1ccb245af077d2b2d020c - Phase 7: Storing at offset=000000000000000040 TransactionAccepted(
  recordTime = 2026-07-26T16:10:27.014879Z,
  transactionId = 1220163dd039bb3fb11cf282eda919da34db4c73e77142e7e67ec22a852c980ea3a5,
  transactionMeta = TransactionMeta(ledgerEffectiveTime = 2026-07-26T16:10:27.006606Z, submissionTime = 2026-07-26T16:10:27.006606Z, domainId = local::12209aebc618..., ...),
  completion = CompletionInfo(
    actAs = party-f3d1e2bc-b44a-469a-9cbc-872a85232502::12206f7953e7...,
    commandId = 1055eae2-f95f-456c-8e5e-9c84937756db,
    applicationId = programmable-money-backend,
    deduplication period = (offset=Offset(Bytes(000000000000000001))),
    submissionId = Some(db31bd89-120f-4cd8-b9d2-8cb5c48494ec),
    ...
  ),
  nodes = 2,
  roots = 1,
  ...
)
2026-07-26 21:40:27,037 [canton-env-ec-77] INFO  c.d.c.p.a.s.t.TransactionServiceImpl:participant=sandbox - Received request for transaction by ID, ledgerId -> 'sandbox', transactionId -> '1220163dd039bb3fb11cf282eda919da34db4c73e77142e7e67ec22a852c980ea3a5', parties -> ['party-f3d1e2bc-b44a-469a-9cbc-872a85232502::12206f7953e7edc58874bebcb1ffbf758c4c4520e4ffe5754a182572d56a9b99179b'].
2026-07-26 21:40:27,046 [canton-env-ec-77] INFO  c.d.c.p.a.s.c.CommandSubmissionServiceImpl:participant=sandbox tid:969c873ca08b543bce681f84e598fa83 - Phase 1 started: Submitting commands for interpretation: Commands(
  commandId = c2a5d228-f7a8-458b-8dbb-0746bc037e43,
  submissionId = ac3eee37-924f-423d-b5d0-015e5dac3ffe,
  applicationId = programmable-money-backend,
  actAs = party-f3d1e2bc-b44a-469a-9cbc-872a85232502::12206f7953e7...,
  submittedAt = 2026-07-26T16:10:27.046098Z,
  ledgerEffectiveTime = 2026-07-26T16:10:27.046097Z,
  deduplicationPeriod = (duration=PT168H),
  ...
).
2026-07-26 21:40:27,051 [canton-env-ec-81] INFO  c.d.c.p.p.TransactionProcessor:participant=sandbox/domainId=local::12209aebc618 tid:969c873ca08b543bce681f84e598fa83 - Phase 1 completed: Submitting 3 envelopes for Transaction request, submitters party-f3d1e2bc-b44a-469a-9cbc-872a85232502::12206f7953e7..., command-id c2a5d228-f7a8-458b-8dbb-0746bc037e43
2026-07-26 21:40:27,052 [canton-env-ec-27] INFO  c.d.c.d.s.s.GrpcSequencerService:domain=local tid:969c873ca08b543bce681f84e598fa83 - 'PAR::sandbox::12206f7953e7...' sends request with id 'e745c7cd-7e4f-432b-bfa9-79307f11ebf1' of size 2724 bytes with 3 envelopes.
2026-07-26 21:40:27,055 [canton-env-ec-81] INFO  c.d.c.p.p.DefaultMessageDispatcher:participant=sandbox/domainId=local::12209aebc618 tid:969c873ca08b543bce681f84e598fa83 - Processing event at sc=218, ts=2026-07-26T16:10:27.053314Z, messageId=e745c7cd-7e4f-432b-bfa9-79307f11ebf1, with contents=Seq(RootHashMessage(root hash = SHA-256:a7a1924fe72e..., payload size = 0), EncryptedViewMessageV2(view hash = ViewHash(SHA-256:d76fbd4d1238...), view type = TransactionViewType, size = 1244))
2026-07-26 21:40:27,055 [canton-env-ec-85] INFO  c.d.c.p.p.TransactionProcessor:participant=sandbox/domainId=local::12209aebc618 tid:969c873ca08b543bce681f84e598fa83 - Phase 3: Validating Transaction request=2026-07-26T16:10:27.053314Z with 1 envelope(s)
2026-07-26 21:40:27,056 [canton-env-ec-85] INFO  c.d.c.d.m.ConfirmationResponseProcessor:domain=local/node=mediator tid:969c873ca08b543bce681f84e598fa83 - Phase 2: Registered request=2026-07-26T16:10:27.053314Z with 1 view(s). Initial state: ViewPosition("") -> ViewState(
  quorumsState = Seq(Quorum(confirmers = party-f3d1e2bc-b44a-469a-9cbc-872a85232502::12206f7953e7... -> 1, threshold = 1), Quorum(confirmers = sandbox::12206f7953e7... -> 1, threshold = 1)),
  consortiumVoting = Map(party-f3d1e2bc-b44a-469a-9cbc-872a85232502::12206f7953e7... -> ConsortiumVotingState(), sandbox::12206f7953e7... -> ConsortiumVotingState()),
  rejections = Seq()
)
2026-07-26 21:40:27,060 [canton-env-ec-89] INFO  c.d.c.p.p.TransactionProcessor:participant=sandbox/domainId=local::12209aebc618 tid:969c873ca08b543bce681f84e598fa83 - Phase 4: Sending for request=2026-07-26T16:10:27.053314Z with msgId=b51feeeb-abe8-450e-80dc-8b49ccf63778 approved=1, rejected=0
2026-07-26 21:40:27,061 [canton-env-ec-28] INFO  c.d.c.d.s.s.GrpcSequencerService:domain=local tid:969c873ca08b543bce681f84e598fa83 - 'PAR::sandbox::12206f7953e7...' sends request with id 'b51feeeb-abe8-450e-80dc-8b49ccf63778' of size 756 bytes with 1 envelopes.
2026-07-26 21:40:27,064 [canton-env-ec-74] INFO  c.d.c.p.p.DefaultMessageDispatcher:participant=sandbox/domainId=local::12209aebc618 tid:969c873ca08b543bce681f84e598fa83 - Processing event at sc=219, ts=2026-07-26T16:10:27.062046Z, messageId=b51feeeb-abe8-450e-80dc-8b49ccf63778, with contents=Seq()
2026-07-26 21:40:27,064 [canton-env-ec-80] INFO  c.d.c.d.m.ConfirmationResponseProcessor:domain=local/node=mediator tid:969c873ca08b543bce681f84e598fa83 - Phase 5: Received responses for request=RequestId(2026-07-26T16:10:27.053314Z): ParticipantResponse(sender = PAR::sandbox::12206f7953e7..., ts = 2026-07-26T16:10:27.062046Z, approved = 1)
2026-07-26 21:40:27,065 [canton-env-ec-28] INFO  c.d.c.d.m.ConfirmationResponseProcessor:domain=local/node=mediator tid:969c873ca08b543bce681f84e598fa83 - Phase 6: Finalized request=RequestId(2026-07-26T16:10:27.053314Z) with verdict Approve
2026-07-26 21:40:27,066 [canton-env-ec-79] INFO  c.d.c.d.s.s.GrpcSequencerService:domain=local tid:969c873ca08b543bce681f84e598fa83 - 'MED::local::12209aebc618...' sends request with id 'mmid:verdict:1785082227053314' of size 691 bytes with 1 envelopes.
2026-07-26 21:40:27,069 [canton-env-ec-73] INFO  c.d.c.p.p.DefaultMessageDispatcher:participant=sandbox/domainId=local::12209aebc618 tid:969c873ca08b543bce681f84e598fa83 - Processing event at sc=220, ts=2026-07-26T16:10:27.067585Z, with contents=SignedProtocolMessage(
  TransactionResultMessage(requestId = 2026-07-26T16:10:27.053314Z, verdict = Approve, rootHash = SHA-256:a7a1924fe72e..., domainId = local::12209aebc618...),
  signatures = Signature(signature = 826988be467a, signedBy = 1220382abd91...)
)
2026-07-26 21:40:27,071 [input-mapping-pool-0] INFO  c.d.c.p.i.p.ParallelIndexerSubscription:participant=sandbox tid:969c873ca08b543bce681f84e598fa83 - Phase 7: Storing at offset=000000000000000041 TransactionAccepted(
  recordTime = 2026-07-26T16:10:27.053314Z,
  transactionId = 1220a7a1924fe72e32574053cc008202557d4f1b0a4c58417c07dc19538325dc5032,
  transactionMeta = TransactionMeta(ledgerEffectiveTime = 2026-07-26T16:10:27.046097Z, submissionTime = 2026-07-26T16:10:27.046097Z, domainId = local::12209aebc618..., ...),
  completion = CompletionInfo(
    actAs = party-f3d1e2bc-b44a-469a-9cbc-872a85232502::12206f7953e7...,
    commandId = c2a5d228-f7a8-458b-8dbb-0746bc037e43,
    applicationId = programmable-money-backend,
    deduplication period = (offset=Offset(Bytes(000000000000000001))),
    submissionId = Some(ac3eee37-924f-423d-b5d0-015e5dac3ffe),
    ...
  ),
  nodes = 1,
  roots = 1,
  ...
)
2026-07-26 21:40:27,073 [canton-env-ec-84] INFO  c.d.c.p.a.s.t.TransactionServiceImpl:participant=sandbox - Received request for flat transaction by ID, ledgerId -> 'sandbox', transactionId -> '1220a7a1924fe72e32574053cc008202557d4f1b0a4c58417c07dc19538325dc5032', parties -> ['party-f3d1e2bc-b44a-469a-9cbc-872a85232502::12206f7953e7edc58874bebcb1ffbf758c4c4520e4ffe5754a182572d56a9b99179b'].
2026-07-26 21:40:27,080 [canton-env-ec-79] INFO  c.d.c.p.a.s.c.CommandSubmissionServiceImpl:participant=sandbox tid:1de34b230daf154aa357044d481a5aff - Phase 1 started: Submitting commands for interpretation: Commands(
  commandId = 7c044287-9b76-49da-9bff-f02e3922dfeb,
  submissionId = 1845ef79-33b5-4c3b-a7dd-8c979b898e0c,
  applicationId = programmable-money-backend,
  actAs = party-f3d1e2bc-b44a-469a-9cbc-872a85232502::12206f7953e7...,
  submittedAt = 2026-07-26T16:10:27.079860Z,
  ledgerEffectiveTime = 2026-07-26T16:10:27.079859Z,
  deduplicationPeriod = (duration=PT168H),
  ...
).
2026-07-26 21:40:27,086 [canton-env-ec-32] INFO  c.d.c.p.p.TransactionProcessor:participant=sandbox/domainId=local::12209aebc618 tid:1de34b230daf154aa357044d481a5aff - Phase 1 completed: Submitting 3 envelopes for Transaction request, submitters party-f3d1e2bc-b44a-469a-9cbc-872a85232502::12206f7953e7..., command-id 7c044287-9b76-49da-9bff-f02e3922dfeb
2026-07-26 21:40:27,088 [canton-env-ec-74] INFO  c.d.c.d.s.s.GrpcSequencerService:domain=local tid:1de34b230daf154aa357044d481a5aff - 'PAR::sandbox::12206f7953e7...' sends request with id 'fbe331fb-c50c-4b03-9b23-3dcd2064582f' of size 2951 bytes with 3 envelopes.
2026-07-26 21:40:27,090 [canton-env-ec-80] INFO  c.d.c.p.p.DefaultMessageDispatcher:participant=sandbox/domainId=local::12209aebc618 tid:1de34b230daf154aa357044d481a5aff - Processing event at sc=221, ts=2026-07-26T16:10:27.088816Z, messageId=fbe331fb-c50c-4b03-9b23-3dcd2064582f, with contents=Seq(RootHashMessage(root hash = SHA-256:8de6bee920b5..., payload size = 0), EncryptedViewMessageV2(view hash = ViewHash(SHA-256:e53bf42ca88d...), view type = TransactionViewType, size = 1458))
2026-07-26 21:40:27,091 [canton-env-ec-25] INFO  c.d.c.p.p.TransactionProcessor:participant=sandbox/domainId=local::12209aebc618 tid:1de34b230daf154aa357044d481a5aff - Phase 3: Validating Transaction request=2026-07-26T16:10:27.088816Z with 1 envelope(s)
2026-07-26 21:40:27,092 [canton-env-ec-73] INFO  c.d.c.d.m.ConfirmationResponseProcessor:domain=local/node=mediator tid:1de34b230daf154aa357044d481a5aff - Phase 2: Registered request=2026-07-26T16:10:27.088816Z with 1 view(s). Initial state: ViewPosition("") -> ViewState(
  quorumsState = Seq(Quorum(confirmers = party-f3d1e2bc-b44a-469a-9cbc-872a85232502::12206f7953e7... -> 1, threshold = 1), Quorum(confirmers = sandbox::12206f7953e7... -> 1, threshold = 1)),
  consortiumVoting = Map(party-f3d1e2bc-b44a-469a-9cbc-872a85232502::12206f7953e7... -> ConsortiumVotingState(), sandbox::12206f7953e7... -> ConsortiumVotingState()),
  rejections = Seq()
)
2026-07-26 21:40:27,097 [canton-env-ec-20] INFO  c.d.c.p.p.TransactionProcessor:participant=sandbox/domainId=local::12209aebc618 tid:1de34b230daf154aa357044d481a5aff - Phase 4: Sending for request=2026-07-26T16:10:27.088816Z with msgId=2a497c72-474f-4482-98d5-5ec90b4b87b0 approved=1, rejected=0
2026-07-26 21:40:27,098 [canton-env-ec-20] INFO  c.d.c.d.s.s.GrpcSequencerService:domain=local tid:1de34b230daf154aa357044d481a5aff - 'PAR::sandbox::12206f7953e7...' sends request with id '2a497c72-474f-4482-98d5-5ec90b4b87b0' of size 756 bytes with 1 envelopes.
2026-07-26 21:40:27,100 [canton-env-ec-32] INFO  c.d.c.p.p.DefaultMessageDispatcher:participant=sandbox/domainId=local::12209aebc618 tid:1de34b230daf154aa357044d481a5aff - Processing event at sc=222, ts=2026-07-26T16:10:27.099183Z, messageId=2a497c72-474f-4482-98d5-5ec90b4b87b0, with contents=Seq()
2026-07-26 21:40:27,101 [canton-env-ec-20] INFO  c.d.c.d.m.ConfirmationResponseProcessor:domain=local/node=mediator tid:1de34b230daf154aa357044d481a5aff - Phase 5: Received responses for request=RequestId(2026-07-26T16:10:27.088816Z): ParticipantResponse(sender = PAR::sandbox::12206f7953e7..., ts = 2026-07-26T16:10:27.099183Z, approved = 1)
2026-07-26 21:40:27,101 [canton-env-ec-79] INFO  c.d.c.d.m.ConfirmationResponseProcessor:domain=local/node=mediator tid:1de34b230daf154aa357044d481a5aff - Phase 6: Finalized request=RequestId(2026-07-26T16:10:27.088816Z) with verdict Approve
2026-07-26 21:40:27,103 [canton-env-ec-25] INFO  c.d.c.d.s.s.GrpcSequencerService:domain=local tid:1de34b230daf154aa357044d481a5aff - 'MED::local::12209aebc618...' sends request with id 'mmid:verdict:1785082227088816' of size 702 bytes with 1 envelopes.
2026-07-26 21:40:27,105 [canton-env-ec-85] INFO  c.d.c.p.p.DefaultMessageDispatcher:participant=sandbox/domainId=local::12209aebc618 tid:1de34b230daf154aa357044d481a5aff - Processing event at sc=223, ts=2026-07-26T16:10:27.103479Z, with contents=SignedProtocolMessage(
  TransactionResultMessage(requestId = 2026-07-26T16:10:27.088816Z, verdict = Approve, rootHash = SHA-256:8de6bee920b5..., domainId = local::12209aebc618...),
  signatures = Signature(signature = c5941decb8e5, signedBy = 1220382abd91...)
)
2026-07-26 21:40:27,107 [input-mapping-pool-1] INFO  c.d.c.p.i.p.ParallelIndexerSubscription:participant=sandbox tid:1de34b230daf154aa357044d481a5aff - Phase 7: Storing at offset=000000000000000042 TransactionAccepted(
  recordTime = 2026-07-26T16:10:27.088816Z,
  transactionId = 12208de6bee920b5d92d8964817b966cd15d6eb0f6a31f2f3f114adfbefe584d1dfe,
  transactionMeta = TransactionMeta(ledgerEffectiveTime = 2026-07-26T16:10:27.079859Z, submissionTime = 2026-07-26T16:10:27.079859Z, domainId = local::12209aebc618..., ...),
  completion = CompletionInfo(
    actAs = party-f3d1e2bc-b44a-469a-9cbc-872a85232502::12206f7953e7...,
    commandId = 7c044287-9b76-49da-9bff-f02e3922dfeb,
    applicationId = programmable-money-backend,
    deduplication period = (offset=Offset(Bytes(000000000000000001))),
    submissionId = Some(1845ef79-33b5-4c3b-a7dd-8c979b898e0c),
    ...
  ),
  nodes = 2,
  roots = 1,
  ...
)
2026-07-26 21:40:27,108 [canton-env-ec-80] INFO  c.d.c.p.a.s.t.TransactionServiceImpl:participant=sandbox - Received request for transaction by ID, ledgerId -> 'sandbox', transactionId -> '12208de6bee920b5d92d8964817b966cd15d6eb0f6a31f2f3f114adfbefe584d1dfe', parties -> ['party-f3d1e2bc-b44a-469a-9cbc-872a85232502::12206f7953e7edc58874bebcb1ffbf758c4c4520e4ffe5754a182572d56a9b99179b'].
2026-07-26 21:40:27,115 [canton-env-ec-76] INFO  c.d.c.p.a.s.c.CommandSubmissionServiceImpl:participant=sandbox tid:6002ac8bb97bec28d546ad728e5bb28d - Phase 1 started: Submitting commands for interpretation: Commands(
  commandId = 7fd3c874-3cba-4ff2-b656-dd9eb5bfe799,
  submissionId = cfc8b94e-d034-427d-98d3-5c57cbd65355,
  applicationId = programmable-money-backend,
  actAs = party-f3d1e2bc-b44a-469a-9cbc-872a85232502::12206f7953e7...,
  submittedAt = 2026-07-26T16:10:27.115669Z,
  ledgerEffectiveTime = 2026-07-26T16:10:27.115669Z,
  deduplicationPeriod = (duration=PT168H),
  ...
).
2026-07-26 21:40:27,120 [canton-env-ec-25] INFO  c.d.c.p.p.TransactionProcessor:participant=sandbox/domainId=local::12209aebc618 tid:6002ac8bb97bec28d546ad728e5bb28d - Phase 1 completed: Submitting 3 envelopes for Transaction request, submitters party-f3d1e2bc-b44a-469a-9cbc-872a85232502::12206f7953e7..., command-id 7fd3c874-3cba-4ff2-b656-dd9eb5bfe799
2026-07-26 21:40:27,121 [canton-env-ec-25] INFO  c.d.c.d.s.s.GrpcSequencerService:domain=local tid:6002ac8bb97bec28d546ad728e5bb28d - 'PAR::sandbox::12206f7953e7...' sends request with id 'f8a1c44f-5365-4120-a605-d6aba8a130d3' of size 2730 bytes with 3 envelopes.
2026-07-26 21:40:27,123 [canton-env-ec-25] INFO  c.d.c.p.p.DefaultMessageDispatcher:participant=sandbox/domainId=local::12209aebc618 tid:6002ac8bb97bec28d546ad728e5bb28d - Processing event at sc=224, ts=2026-07-26T16:10:27.121939Z, messageId=f8a1c44f-5365-4120-a605-d6aba8a130d3, with contents=Seq(RootHashMessage(root hash = SHA-256:4cd2f2c9a2dd..., payload size = 0), EncryptedViewMessageV2(view hash = ViewHash(SHA-256:8fd75e3066a5...), view type = TransactionViewType, size = 1246))
2026-07-26 21:40:27,124 [canton-env-ec-28] INFO  c.d.c.p.p.TransactionProcessor:participant=sandbox/domainId=local::12209aebc618 tid:6002ac8bb97bec28d546ad728e5bb28d - Phase 3: Validating Transaction request=2026-07-26T16:10:27.121939Z with 1 envelope(s)
2026-07-26 21:40:27,124 [canton-env-ec-77] INFO  c.d.c.d.m.ConfirmationResponseProcessor:domain=local/node=mediator tid:6002ac8bb97bec28d546ad728e5bb28d - Phase 2: Registered request=2026-07-26T16:10:27.121939Z with 1 view(s). Initial state: ViewPosition("") -> ViewState(
  quorumsState = Seq(Quorum(confirmers = party-f3d1e2bc-b44a-469a-9cbc-872a85232502::12206f7953e7... -> 1, threshold = 1), Quorum(confirmers = sandbox::12206f7953e7... -> 1, threshold = 1)),
  consortiumVoting = Map(party-f3d1e2bc-b44a-469a-9cbc-872a85232502::12206f7953e7... -> ConsortiumVotingState(), sandbox::12206f7953e7... -> ConsortiumVotingState()),
  rejections = Seq()
)
2026-07-26 21:40:27,128 [canton-env-ec-77] INFO  c.d.c.p.p.TransactionProcessor:participant=sandbox/domainId=local::12209aebc618 tid:6002ac8bb97bec28d546ad728e5bb28d - Phase 4: Sending for request=2026-07-26T16:10:27.121939Z with msgId=55346e9c-5c21-4625-b3d1-3c22b49c906e approved=1, rejected=0
2026-07-26 21:40:27,129 [canton-env-ec-85] INFO  c.d.c.d.s.s.GrpcSequencerService:domain=local tid:6002ac8bb97bec28d546ad728e5bb28d - 'PAR::sandbox::12206f7953e7...' sends request with id '55346e9c-5c21-4625-b3d1-3c22b49c906e' of size 754 bytes with 1 envelopes.
2026-07-26 21:40:27,131 [canton-env-ec-85] INFO  c.d.c.p.p.DefaultMessageDispatcher:participant=sandbox/domainId=local::12209aebc618 tid:6002ac8bb97bec28d546ad728e5bb28d - Processing event at sc=225, ts=2026-07-26T16:10:27.130025Z, messageId=55346e9c-5c21-4625-b3d1-3c22b49c906e, with contents=Seq()
2026-07-26 21:40:27,132 [canton-env-ec-20] INFO  c.d.c.d.m.ConfirmationResponseProcessor:domain=local/node=mediator tid:6002ac8bb97bec28d546ad728e5bb28d - Phase 5: Received responses for request=RequestId(2026-07-26T16:10:27.121939Z): ParticipantResponse(sender = PAR::sandbox::12206f7953e7..., ts = 2026-07-26T16:10:27.130025Z, approved = 1)
2026-07-26 21:40:27,132 [canton-env-ec-26] INFO  c.d.c.d.m.ConfirmationResponseProcessor:domain=local/node=mediator tid:6002ac8bb97bec28d546ad728e5bb28d - Phase 6: Finalized request=RequestId(2026-07-26T16:10:27.121939Z) with verdict Approve
2026-07-26 21:40:27,133 [canton-env-ec-73] INFO  c.d.c.d.s.s.GrpcSequencerService:domain=local tid:6002ac8bb97bec28d546ad728e5bb28d - 'MED::local::12209aebc618...' sends request with id 'mmid:verdict:1785082227121939' of size 693 bytes with 1 envelopes.
2026-07-26 21:40:27,135 [canton-env-ec-29] INFO  c.d.c.p.p.DefaultMessageDispatcher:participant=sandbox/domainId=local::12209aebc618 tid:6002ac8bb97bec28d546ad728e5bb28d - Processing event at sc=226, ts=2026-07-26T16:10:27.134302Z, with contents=SignedProtocolMessage(
  TransactionResultMessage(requestId = 2026-07-26T16:10:27.121939Z, verdict = Approve, rootHash = SHA-256:4cd2f2c9a2dd..., domainId = local::12209aebc618...),
  signatures = Signature(signature = 1cc943cd1128, signedBy = 1220382abd91...)
)
2026-07-26 21:40:27,137 [input-mapping-pool-2] INFO  c.d.c.p.i.p.ParallelIndexerSubscription:participant=sandbox tid:6002ac8bb97bec28d546ad728e5bb28d - Phase 7: Storing at offset=000000000000000043 TransactionAccepted(
  recordTime = 2026-07-26T16:10:27.121939Z,
  transactionId = 12204cd2f2c9a2ddd3bfa21f80fdb5c821acc3d3b9b220c1c0420b6b2eb7ff360fb9,
  transactionMeta = TransactionMeta(ledgerEffectiveTime = 2026-07-26T16:10:27.115669Z, submissionTime = 2026-07-26T16:10:27.115669Z, domainId = local::12209aebc618..., ...),
  completion = CompletionInfo(
    actAs = party-f3d1e2bc-b44a-469a-9cbc-872a85232502::12206f7953e7...,
    commandId = 7fd3c874-3cba-4ff2-b656-dd9eb5bfe799,
    applicationId = programmable-money-backend,
    deduplication period = (offset=Offset(Bytes(000000000000000001))),
    submissionId = Some(cfc8b94e-d034-427d-98d3-5c57cbd65355),
    ...
  ),
  nodes = 1,
  roots = 1,
  ...
)
2026-07-26 21:40:27,139 [canton-env-ec-28] INFO  c.d.c.p.a.s.t.TransactionServiceImpl:participant=sandbox - Received request for flat transaction by ID, ledgerId -> 'sandbox', transactionId -> '12204cd2f2c9a2ddd3bfa21f80fdb5c821acc3d3b9b220c1c0420b6b2eb7ff360fb9', parties -> ['party-f3d1e2bc-b44a-469a-9cbc-872a85232502::12206f7953e7edc58874bebcb1ffbf758c4c4520e4ffe5754a182572d56a9b99179b'].
2026-07-26 21:40:27,146 [canton-env-ec-76] INFO  c.d.c.p.a.s.c.CommandSubmissionServiceImpl:participant=sandbox tid:23af30c0f50ac7fd8268c04f28c0dfcb - Phase 1 started: Submitting commands for interpretation: Commands(
  commandId = d81bf995-fb50-4b62-b2fa-2038a32e2129,
  submissionId = de90b457-75d5-4da5-89a0-eaa37506ccf1,
  applicationId = programmable-money-backend,
  actAs = party-f3d1e2bc-b44a-469a-9cbc-872a85232502::12206f7953e7...,
  submittedAt = 2026-07-26T16:10:27.145834Z,
  ledgerEffectiveTime = 2026-07-26T16:10:27.145833Z,
  deduplicationPeriod = (duration=PT168H),
  ...
).
2026-07-26 21:40:27,151 [canton-env-ec-85] INFO  c.d.c.p.p.TransactionProcessor:participant=sandbox/domainId=local::12209aebc618 tid:23af30c0f50ac7fd8268c04f28c0dfcb - Phase 1 completed: Submitting 3 envelopes for Transaction request, submitters party-f3d1e2bc-b44a-469a-9cbc-872a85232502::12206f7953e7..., command-id d81bf995-fb50-4b62-b2fa-2038a32e2129
2026-07-26 21:40:27,152 [canton-env-ec-85] INFO  c.d.c.d.s.s.GrpcSequencerService:domain=local tid:23af30c0f50ac7fd8268c04f28c0dfcb - 'PAR::sandbox::12206f7953e7...' sends request with id '8ac3fc52-7a74-4367-a220-c6a8221a0f2c' of size 2950 bytes with 3 envelopes.
2026-07-26 21:40:27,154 [canton-env-ec-27] INFO  c.d.c.p.p.DefaultMessageDispatcher:participant=sandbox/domainId=local::12209aebc618 tid:23af30c0f50ac7fd8268c04f28c0dfcb - Processing event at sc=227, ts=2026-07-26T16:10:27.153097Z, messageId=8ac3fc52-7a74-4367-a220-c6a8221a0f2c, with contents=Seq(RootHashMessage(root hash = SHA-256:64db0035e6c1..., payload size = 0), EncryptedViewMessageV2(view hash = ViewHash(SHA-256:8aee6d17f207...), view type = TransactionViewType, size = 1464))
2026-07-26 21:40:27,155 [canton-env-ec-79] INFO  c.d.c.p.p.TransactionProcessor:participant=sandbox/domainId=local::12209aebc618 tid:23af30c0f50ac7fd8268c04f28c0dfcb - Phase 3: Validating Transaction request=2026-07-26T16:10:27.153097Z with 1 envelope(s)
2026-07-26 21:40:27,156 [canton-env-ec-89] INFO  c.d.c.d.m.ConfirmationResponseProcessor:domain=local/node=mediator tid:23af30c0f50ac7fd8268c04f28c0dfcb - Phase 2: Registered request=2026-07-26T16:10:27.153097Z with 1 view(s). Initial state: ViewPosition("") -> ViewState(
  quorumsState = Seq(Quorum(confirmers = party-f3d1e2bc-b44a-469a-9cbc-872a85232502::12206f7953e7... -> 1, threshold = 1), Quorum(confirmers = sandbox::12206f7953e7... -> 1, threshold = 1)),
  consortiumVoting = Map(party-f3d1e2bc-b44a-469a-9cbc-872a85232502::12206f7953e7... -> ConsortiumVotingState(), sandbox::12206f7953e7... -> ConsortiumVotingState()),
  rejections = Seq()
)
2026-07-26 21:40:27,161 [canton-env-ec-80] INFO  c.d.c.p.p.TransactionProcessor:participant=sandbox/domainId=local::12209aebc618 tid:23af30c0f50ac7fd8268c04f28c0dfcb - Phase 4: Sending for request=2026-07-26T16:10:27.153097Z with msgId=f88e8ac6-012d-4ee5-b64d-1f428a041a2e approved=1, rejected=0
2026-07-26 21:40:27,162 [canton-env-ec-81] INFO  c.d.c.d.s.s.GrpcSequencerService:domain=local tid:23af30c0f50ac7fd8268c04f28c0dfcb - 'PAR::sandbox::12206f7953e7...' sends request with id 'f88e8ac6-012d-4ee5-b64d-1f428a041a2e' of size 754 bytes with 1 envelopes.
2026-07-26 21:40:27,163 [canton-env-ec-80] INFO  c.d.c.p.p.DefaultMessageDispatcher:participant=sandbox/domainId=local::12209aebc618 tid:23af30c0f50ac7fd8268c04f28c0dfcb - Processing event at sc=228, ts=2026-07-26T16:10:27.162611Z, messageId=f88e8ac6-012d-4ee5-b64d-1f428a041a2e, with contents=Seq()
2026-07-26 21:40:27,164 [canton-env-ec-27] INFO  c.d.c.d.m.ConfirmationResponseProcessor:domain=local/node=mediator tid:23af30c0f50ac7fd8268c04f28c0dfcb - Phase 5: Received responses for request=RequestId(2026-07-26T16:10:27.153097Z): ParticipantResponse(sender = PAR::sandbox::12206f7953e7..., ts = 2026-07-26T16:10:27.162611Z, approved = 1)
2026-07-26 21:40:27,165 [canton-env-ec-85] INFO  c.d.c.d.m.ConfirmationResponseProcessor:domain=local/node=mediator tid:23af30c0f50ac7fd8268c04f28c0dfcb - Phase 6: Finalized request=RequestId(2026-07-26T16:10:27.153097Z) with verdict Approve
2026-07-26 21:40:27,166 [canton-env-ec-85] INFO  c.d.c.d.s.s.GrpcSequencerService:domain=local tid:23af30c0f50ac7fd8268c04f28c0dfcb - 'MED::local::12209aebc618...' sends request with id 'mmid:verdict:1785082227153097' of size 706 bytes with 1 envelopes.
2026-07-26 21:40:27,168 [canton-env-ec-27] INFO  c.d.c.p.p.DefaultMessageDispatcher:participant=sandbox/domainId=local::12209aebc618 tid:23af30c0f50ac7fd8268c04f28c0dfcb - Processing event at sc=229, ts=2026-07-26T16:10:27.167020Z, with contents=SignedProtocolMessage(
  TransactionResultMessage(requestId = 2026-07-26T16:10:27.153097Z, verdict = Approve, rootHash = SHA-256:64db0035e6c1..., domainId = local::12209aebc618...),
  signatures = Signature(signature = 00c48b0df7b6, signedBy = 1220382abd91...)
)
2026-07-26 21:40:27,170 [input-mapping-pool-3] INFO  c.d.c.p.i.p.ParallelIndexerSubscription:participant=sandbox tid:23af30c0f50ac7fd8268c04f28c0dfcb - Phase 7: Storing at offset=000000000000000044 TransactionAccepted(
  recordTime = 2026-07-26T16:10:27.153097Z,
  transactionId = 122064db0035e6c12635d0b6970cf5582b20eebc914f74cae80b99244b7419382dc4,
  transactionMeta = TransactionMeta(ledgerEffectiveTime = 2026-07-26T16:10:27.145833Z, submissionTime = 2026-07-26T16:10:27.145833Z, domainId = local::12209aebc618..., ...),
  completion = CompletionInfo(
    actAs = party-f3d1e2bc-b44a-469a-9cbc-872a85232502::12206f7953e7...,
    commandId = d81bf995-fb50-4b62-b2fa-2038a32e2129,
    applicationId = programmable-money-backend,
    deduplication period = (offset=Offset(Bytes(000000000000000001))),
    submissionId = Some(de90b457-75d5-4da5-89a0-eaa37506ccf1),
    ...
  ),
  nodes = 2,
  roots = 1,
  ...
)
2026-07-26 21:40:27,172 [canton-env-ec-84] INFO  c.d.c.p.a.s.t.TransactionServiceImpl:participant=sandbox - Received request for transaction by ID, ledgerId -> 'sandbox', transactionId -> '122064db0035e6c12635d0b6970cf5582b20eebc914f74cae80b99244b7419382dc4', parties -> ['party-f3d1e2bc-b44a-469a-9cbc-872a85232502::12206f7953e7edc58874bebcb1ffbf758c4c4520e4ffe5754a182572d56a9b99179b'].
2026-07-26 21:40:37,718 [canton-env-ec-20] INFO  c.d.c.s.c.t.GrpcSequencerSubscription:participant=sandbox/domainId=local::12209aebc618 - The sequencer subscription has been terminated by the server.
2026-07-26 21:40:37,719 [canton-env-ec-74] INFO  c.d.c.s.c.t.GrpcSubscriptionErrorRetryPolicy:participant=sandbox/domainId=local::12209aebc618 - Trying to reconnect to give the sequencer the opportunity to become available again (after Connection terminated by the server.)
2026-07-26 21:40:37,776 [canton-env-ec-20] INFO  c.d.c.d.s.s.GrpcSequencerService:domain=local - PAR::sandbox::12206f7953e7... subscribes from counter=229
2026-07-26 21:40:57,031 [canton-env-ec-74] INFO  c.d.c.d.s.s.GrpcSequencerService:domain=local tid:798af12014aa906146157016b25caf4e - 'MED::local::12209aebc618...' sends request with id 'tick-6495b938-594a-4a8e-8df4-fc58d2013242' of size 335 bytes with 0 envelopes.
2026-07-26 21:40:57,550 [canton-env-ec-84] INFO  c.d.c.d.s.s.GrpcSequencerService:domain=local tid:798af12014aa906146157016b25caf4e - 'MED::local::12209aebc618...' sends request with id 'tick-6de4fd8d-a13c-40c9-9239-ce308cca6aea' of size 335 bytes with 0 envelopes.
2026-07-26 21:41:26,969 [canton-env-ec-74] INFO  c.d.c.d.s.s.GrpcSequencerService:domain=local tid:798af12014aa906146157016b25caf4e - 'PAR::sandbox::12206f7953e7...' sends request with id 'tick-ef283911-df8c-47f3-bcae-ec326531093a' of size 337 bytes with 0 envelopes.
2026-07-26 21:41:27,484 [canton-env-ec-20] INFO  c.d.c.d.s.s.GrpcSequencerService:domain=local tid:798af12014aa906146157016b25caf4e - 'PAR::sandbox::12206f7953e7...' sends request with id 'tick-3b1cbf72-10bc-4e91-8d3e-380cd8be5b51' of size 338 bytes with 0 envelopes.
2026-07-26 21:47:34,326 [canton-env-ec-81] INFO  c.d.c.p.a.s.a.ApiPartyManagementService:participant=sandbox tid:6d78dc8baa32e45eba0a6f2085739a9d - Listing known parties.
2026-07-26 21:47:34,345 [canton-env-ec-26] INFO  c.d.c.p.a.s.c.CommandSubmissionServiceImpl:participant=sandbox tid:973704e259e79616a50935920e5217b3 - Phase 1 started: Submitting commands for interpretation: Commands(
  commandId = f3ce200b-07db-4677-9c87-3b9b6b91f691,
  submissionId = e5bf53a3-9193-4010-b5ff-49ecbb12d2d2,
  applicationId = programmable-money-backend,
  actAs = party-f3d1e2bc-b44a-469a-9cbc-872a85232502::12206f7953e7...,
  submittedAt = 2026-07-26T16:17:34.344411Z,
  ledgerEffectiveTime = 2026-07-26T16:17:34.344411Z,
  deduplicationPeriod = (duration=PT168H),
  ...
).
2026-07-26 21:47:34,384 [canton-env-ec-79] INFO  c.d.c.p.p.TransactionProcessor:participant=sandbox/domainId=local::12209aebc618 tid:973704e259e79616a50935920e5217b3 - Phase 1 completed: Submitting 3 envelopes for Transaction request, submitters party-f3d1e2bc-b44a-469a-9cbc-872a85232502::12206f7953e7..., command-id f3ce200b-07db-4677-9c87-3b9b6b91f691
2026-07-26 21:47:34,388 [canton-env-ec-81] INFO  c.d.c.d.s.s.GrpcSequencerService:domain=local tid:973704e259e79616a50935920e5217b3 - 'PAR::sandbox::12206f7953e7...' sends request with id '63363c66-139a-4c74-bf67-1be825e2fc66' of size 2957 bytes with 3 envelopes.
2026-07-26 21:47:34,395 [canton-env-ec-76] INFO  c.d.c.p.p.DefaultMessageDispatcher:participant=sandbox/domainId=local::12209aebc618 tid:973704e259e79616a50935920e5217b3 - Processing event at sc=232, ts=2026-07-26T16:17:34.389774Z, messageId=63363c66-139a-4c74-bf67-1be825e2fc66, with contents=Seq(RootHashMessage(root hash = SHA-256:94a547b68d59..., payload size = 0), EncryptedViewMessageV2(view hash = ViewHash(SHA-256:ab63dba1b70f...), view type = TransactionViewType, size = 1472))
2026-07-26 21:47:34,396 [canton-env-ec-81] INFO  c.d.c.p.p.TransactionProcessor:participant=sandbox/domainId=local::12209aebc618 tid:973704e259e79616a50935920e5217b3 - Phase 3: Validating Transaction request=2026-07-26T16:17:34.389774Z with 1 envelope(s)
2026-07-26 21:47:34,398 [canton-env-ec-76] INFO  c.d.c.d.m.ConfirmationResponseProcessor:domain=local/node=mediator tid:973704e259e79616a50935920e5217b3 - Phase 2: Registered request=2026-07-26T16:17:34.389774Z with 1 view(s). Initial state: ViewPosition("") -> ViewState(
  quorumsState = Seq(Quorum(confirmers = party-f3d1e2bc-b44a-469a-9cbc-872a85232502::12206f7953e7... -> 1, threshold = 1), Quorum(confirmers = sandbox::12206f7953e7... -> 1, threshold = 1)),
  consortiumVoting = Map(party-f3d1e2bc-b44a-469a-9cbc-872a85232502::12206f7953e7... -> ConsortiumVotingState(), sandbox::12206f7953e7... -> ConsortiumVotingState()),
  rejections = Seq()
)
2026-07-26 21:47:34,411 [canton-env-ec-74] INFO  c.d.c.p.p.TransactionProcessor:participant=sandbox/domainId=local::12209aebc618 tid:973704e259e79616a50935920e5217b3 - Phase 4: Sending for request=2026-07-26T16:17:34.389774Z with msgId=243bae55-8460-4588-96b8-f76308b21c4c approved=1, rejected=0
2026-07-26 21:47:34,413 [canton-env-ec-29] INFO  c.d.c.d.s.s.GrpcSequencerService:domain=local tid:973704e259e79616a50935920e5217b3 - 'PAR::sandbox::12206f7953e7...' sends request with id '243bae55-8460-4588-96b8-f76308b21c4c' of size 754 bytes with 1 envelopes.
2026-07-26 21:47:34,416 [canton-env-ec-32] INFO  c.d.c.p.p.DefaultMessageDispatcher:participant=sandbox/domainId=local::12209aebc618 tid:973704e259e79616a50935920e5217b3 - Processing event at sc=233, ts=2026-07-26T16:17:34.414380Z, messageId=243bae55-8460-4588-96b8-f76308b21c4c, with contents=Seq()
2026-07-26 21:47:34,417 [canton-env-ec-84] INFO  c.d.c.d.m.ConfirmationResponseProcessor:domain=local/node=mediator tid:973704e259e79616a50935920e5217b3 - Phase 5: Received responses for request=RequestId(2026-07-26T16:17:34.389774Z): ParticipantResponse(sender = PAR::sandbox::12206f7953e7..., ts = 2026-07-26T16:17:34.414380Z, approved = 1)
2026-07-26 21:47:34,418 [canton-env-ec-84] INFO  c.d.c.d.m.ConfirmationResponseProcessor:domain=local/node=mediator tid:973704e259e79616a50935920e5217b3 - Phase 6: Finalized request=RequestId(2026-07-26T16:17:34.389774Z) with verdict Approve
2026-07-26 21:47:34,419 [canton-env-ec-84] INFO  c.d.c.d.s.s.GrpcSequencerService:domain=local tid:973704e259e79616a50935920e5217b3 - 'MED::local::12209aebc618...' sends request with id 'mmid:verdict:1785082654389774' of size 708 bytes with 1 envelopes.
2026-07-26 21:47:34,422 [canton-env-ec-20] INFO  c.d.c.p.p.DefaultMessageDispatcher:participant=sandbox/domainId=local::12209aebc618 tid:973704e259e79616a50935920e5217b3 - Processing event at sc=234, ts=2026-07-26T16:17:34.420540Z, with contents=SignedProtocolMessage(
  TransactionResultMessage(requestId = 2026-07-26T16:17:34.389774Z, verdict = Approve, rootHash = SHA-256:94a547b68d59..., domainId = local::12209aebc618...),
  signatures = Signature(signature = 8de15455073f, signedBy = 1220382abd91...)
)
2026-07-26 21:47:34,427 [input-mapping-pool-4] INFO  c.d.c.p.i.p.ParallelIndexerSubscription:participant=sandbox tid:973704e259e79616a50935920e5217b3 - Phase 7: Storing at offset=000000000000000045 TransactionAccepted(
  recordTime = 2026-07-26T16:17:34.389774Z,
  transactionId = 122094a547b68d59496cd5836032c6774017b00d5a3ac106403a5d70bef93cb8897a,
  transactionMeta = TransactionMeta(ledgerEffectiveTime = 2026-07-26T16:17:34.344411Z, submissionTime = 2026-07-26T16:17:34.344411Z, domainId = local::12209aebc618..., ...),
  completion = CompletionInfo(
    actAs = party-f3d1e2bc-b44a-469a-9cbc-872a85232502::12206f7953e7...,
    commandId = f3ce200b-07db-4677-9c87-3b9b6b91f691,
    applicationId = programmable-money-backend,
    deduplication period = (offset=Offset(Bytes(000000000000000001))),
    submissionId = Some(e5bf53a3-9193-4010-b5ff-49ecbb12d2d2),
    ...
  ),
  nodes = 2,
  roots = 1,
  ...
)
2026-07-26 21:47:34,432 [canton-env-ec-73] INFO  c.d.c.p.a.s.t.TransactionServiceImpl:participant=sandbox - Received request for transaction by ID, ledgerId -> 'sandbox', transactionId -> '122094a547b68d59496cd5836032c6774017b00d5a3ac106403a5d70bef93cb8897a', parties -> ['party-f3d1e2bc-b44a-469a-9cbc-872a85232502::12206f7953e7edc58874bebcb1ffbf758c4c4520e4ffe5754a182572d56a9b99179b'].
2026-07-26 21:47:34,459 [canton-env-ec-74] INFO  c.d.c.p.a.s.c.CommandSubmissionServiceImpl:participant=sandbox tid:faf60875854a2f13e518fdfbbb8609d3 - Phase 1 started: Submitting commands for interpretation: Commands(
  commandId = 25650f7f-5be7-468c-af1e-c11658d956af,
  submissionId = 6095880d-bcba-4b64-aab8-d348af5179be,
  applicationId = programmable-money-backend,
  actAs = party-f3d1e2bc-b44a-469a-9cbc-872a85232502::12206f7953e7...,
  submittedAt = 2026-07-26T16:17:34.459205Z,
  ledgerEffectiveTime = 2026-07-26T16:17:34.459204Z,
  deduplicationPeriod = (duration=PT168H),
  ...
).
2026-07-26 21:47:34,467 [canton-env-ec-20] INFO  c.d.c.p.p.TransactionProcessor:participant=sandbox/domainId=local::12209aebc618 tid:faf60875854a2f13e518fdfbbb8609d3 - Phase 1 completed: Submitting 3 envelopes for Transaction request, submitters party-f3d1e2bc-b44a-469a-9cbc-872a85232502::12206f7953e7..., command-id 25650f7f-5be7-468c-af1e-c11658d956af
2026-07-26 21:47:34,468 [canton-env-ec-25] INFO  c.d.c.d.s.s.GrpcSequencerService:domain=local tid:faf60875854a2f13e518fdfbbb8609d3 - 'PAR::sandbox::12206f7953e7...' sends request with id 'c2e1fca8-cb5e-40d2-9773-580eebdefde5' of size 2724 bytes with 3 envelopes.
2026-07-26 21:47:34,471 [canton-env-ec-79] INFO  c.d.c.p.p.DefaultMessageDispatcher:participant=sandbox/domainId=local::12209aebc618 tid:faf60875854a2f13e518fdfbbb8609d3 - Processing event at sc=235, ts=2026-07-26T16:17:34.469310Z, messageId=c2e1fca8-cb5e-40d2-9773-580eebdefde5, with contents=Seq(RootHashMessage(root hash = SHA-256:d30b2d33ebba..., payload size = 0), EncryptedViewMessageV2(view hash = ViewHash(SHA-256:203439abff96...), view type = TransactionViewType, size = 1242))
2026-07-26 21:47:34,472 [canton-env-ec-84] INFO  c.d.c.p.p.TransactionProcessor:participant=sandbox/domainId=local::12209aebc618 tid:faf60875854a2f13e518fdfbbb8609d3 - Phase 3: Validating Transaction request=2026-07-26T16:17:34.469310Z with 1 envelope(s)
2026-07-26 21:47:34,472 [canton-env-ec-89] INFO  c.d.c.d.m.ConfirmationResponseProcessor:domain=local/node=mediator tid:faf60875854a2f13e518fdfbbb8609d3 - Phase 2: Registered request=2026-07-26T16:17:34.469310Z with 1 view(s). Initial state: ViewPosition("") -> ViewState(
  quorumsState = Seq(Quorum(confirmers = party-f3d1e2bc-b44a-469a-9cbc-872a85232502::12206f7953e7... -> 1, threshold = 1), Quorum(confirmers = sandbox::12206f7953e7... -> 1, threshold = 1)),
  consortiumVoting = Map(party-f3d1e2bc-b44a-469a-9cbc-872a85232502::12206f7953e7... -> ConsortiumVotingState(), sandbox::12206f7953e7... -> ConsortiumVotingState()),
  rejections = Seq()
)
2026-07-26 21:47:34,477 [canton-env-ec-84] INFO  c.d.c.p.p.TransactionProcessor:participant=sandbox/domainId=local::12209aebc618 tid:faf60875854a2f13e518fdfbbb8609d3 - Phase 4: Sending for request=2026-07-26T16:17:34.469310Z with msgId=c2418756-7cfd-43db-b8c6-9557add2a8e6 approved=1, rejected=0
2026-07-26 21:47:34,478 [canton-env-ec-32] INFO  c.d.c.d.s.s.GrpcSequencerService:domain=local tid:faf60875854a2f13e518fdfbbb8609d3 - 'PAR::sandbox::12206f7953e7...' sends request with id 'c2418756-7cfd-43db-b8c6-9557add2a8e6' of size 756 bytes with 1 envelopes.
2026-07-26 21:47:34,480 [canton-env-ec-76] INFO  c.d.c.p.p.DefaultMessageDispatcher:participant=sandbox/domainId=local::12209aebc618 tid:faf60875854a2f13e518fdfbbb8609d3 - Processing event at sc=236, ts=2026-07-26T16:17:34.478954Z, messageId=c2418756-7cfd-43db-b8c6-9557add2a8e6, with contents=Seq()
2026-07-26 21:47:34,481 [canton-env-ec-74] INFO  c.d.c.d.m.ConfirmationResponseProcessor:domain=local/node=mediator tid:faf60875854a2f13e518fdfbbb8609d3 - Phase 5: Received responses for request=RequestId(2026-07-26T16:17:34.469310Z): ParticipantResponse(sender = PAR::sandbox::12206f7953e7..., ts = 2026-07-26T16:17:34.478954Z, approved = 1)
2026-07-26 21:47:34,482 [canton-env-ec-74] INFO  c.d.c.d.m.ConfirmationResponseProcessor:domain=local/node=mediator tid:faf60875854a2f13e518fdfbbb8609d3 - Phase 6: Finalized request=RequestId(2026-07-26T16:17:34.469310Z) with verdict Approve
2026-07-26 21:47:34,483 [canton-env-ec-27] INFO  c.d.c.d.s.s.GrpcSequencerService:domain=local tid:faf60875854a2f13e518fdfbbb8609d3 - 'MED::local::12209aebc618...' sends request with id 'mmid:verdict:1785082654469310' of size 697 bytes with 1 envelopes.
2026-07-26 21:47:34,487 [canton-env-ec-89] INFO  c.d.c.p.p.DefaultMessageDispatcher:participant=sandbox/domainId=local::12209aebc618 tid:faf60875854a2f13e518fdfbbb8609d3 - Processing event at sc=237, ts=2026-07-26T16:17:34.484480Z, with contents=SignedProtocolMessage(
  TransactionResultMessage(requestId = 2026-07-26T16:17:34.469310Z, verdict = Approve, rootHash = SHA-256:d30b2d33ebba..., domainId = local::12209aebc618...),
  signatures = Signature(signature = 20c44b954ba8, signedBy = 1220382abd91...)
)
2026-07-26 21:47:34,490 [input-mapping-pool-5] INFO  c.d.c.p.i.p.ParallelIndexerSubscription:participant=sandbox tid:faf60875854a2f13e518fdfbbb8609d3 - Phase 7: Storing at offset=000000000000000046 TransactionAccepted(
  recordTime = 2026-07-26T16:17:34.469310Z,
  transactionId = 1220d30b2d33ebba4c8a881ebb255f3f594ecccc1721d4574084b56215cba5c51840,
  transactionMeta = TransactionMeta(ledgerEffectiveTime = 2026-07-26T16:17:34.459204Z, submissionTime = 2026-07-26T16:17:34.459204Z, domainId = local::12209aebc618..., ...),
  completion = CompletionInfo(
    actAs = party-f3d1e2bc-b44a-469a-9cbc-872a85232502::12206f7953e7...,
    commandId = 25650f7f-5be7-468c-af1e-c11658d956af,
    applicationId = programmable-money-backend,
    deduplication period = (offset=Offset(Bytes(000000000000000001))),
    submissionId = Some(6095880d-bcba-4b64-aab8-d348af5179be),
    ...
  ),
  nodes = 1,
  roots = 1,
  ...
)
2026-07-26 21:47:34,491 [canton-env-ec-77] INFO  c.d.c.p.a.s.t.TransactionServiceImpl:participant=sandbox - Received request for flat transaction by ID, ledgerId -> 'sandbox', transactionId -> '1220d30b2d33ebba4c8a881ebb255f3f594ecccc1721d4574084b56215cba5c51840', parties -> ['party-f3d1e2bc-b44a-469a-9cbc-872a85232502::12206f7953e7edc58874bebcb1ffbf758c4c4520e4ffe5754a182572d56a9b99179b'].
2026-07-26 21:48:04,648 [canton-env-ec-89] INFO  c.d.c.d.s.s.GrpcSequencerService:domain=local tid:973704e259e79616a50935920e5217b3 - 'MED::local::12209aebc618...' sends request with id 'tick-6ef51f40-07cc-43aa-af34-f1fb8e5103a1' of size 336 bytes with 0 envelopes.
2026-07-26 21:48:34,601 [canton-env-ec-77] INFO  c.d.c.d.s.s.GrpcSequencerService:domain=local tid:973704e259e79616a50935920e5217b3 - 'PAR::sandbox::12206f7953e7...' sends request with id 'tick-3599dfcc-b7dc-40c6-a31e-ec9d68c46cdf' of size 338 bytes with 0 envelopes.
2026-07-26 21:49:08,740 [canton-env-ec-80] INFO  c.d.c.p.a.s.c.CommandSubmissionServiceImpl:participant=sandbox tid:2b4d6fd9f405f414a30dc0ed44583a8b - Phase 1 started: Submitting commands for interpretation: Commands(
  commandId = 59eedb00-a66d-4318-b7a8-3019242fa0e8,
  submissionId = 4f36367a-388f-437d-abd3-c4057b4b035a,
  applicationId = programmable-money-backend,
  actAs = party-f3d1e2bc-b44a-469a-9cbc-872a85232502::12206f7953e7...,
  submittedAt = 2026-07-26T16:19:08.739542Z,
  ledgerEffectiveTime = 2026-07-26T16:19:08.739540Z,
  deduplicationPeriod = (duration=PT168H),
  ...
).
2026-07-26 21:49:08,752 [canton-env-ec-73] INFO  c.d.c.p.p.TransactionProcessor:participant=sandbox/domainId=local::12209aebc618 tid:2b4d6fd9f405f414a30dc0ed44583a8b - Phase 1 completed: Submitting 3 envelopes for Transaction request, submitters party-f3d1e2bc-b44a-469a-9cbc-872a85232502::12206f7953e7..., command-id 59eedb00-a66d-4318-b7a8-3019242fa0e8
2026-07-26 21:49:08,754 [canton-env-ec-73] INFO  c.d.c.d.s.s.GrpcSequencerService:domain=local tid:2b4d6fd9f405f414a30dc0ed44583a8b - 'PAR::sandbox::12206f7953e7...' sends request with id 'c99860cf-e22e-4819-acc2-c0d0b481a9ad' of size 2716 bytes with 3 envelopes.
2026-07-26 21:49:08,759 [canton-env-ec-25] INFO  c.d.c.p.p.DefaultMessageDispatcher:participant=sandbox/domainId=local::12209aebc618 tid:2b4d6fd9f405f414a30dc0ed44583a8b - Processing event at sc=239, ts=2026-07-26T16:19:08.755968Z, messageId=c99860cf-e22e-4819-acc2-c0d0b481a9ad, with contents=Seq(RootHashMessage(root hash = SHA-256:3d1df659585d..., payload size = 0), EncryptedViewMessageV2(view hash = ViewHash(SHA-256:bbb037cd3837...), view type = TransactionViewType, size = 1229))
2026-07-26 21:49:08,760 [canton-env-ec-79] INFO  c.d.c.p.p.TransactionProcessor:participant=sandbox/domainId=local::12209aebc618 tid:2b4d6fd9f405f414a30dc0ed44583a8b - Phase 3: Validating Transaction request=2026-07-26T16:19:08.755968Z with 1 envelope(s)
2026-07-26 21:49:08,762 [canton-env-ec-25] INFO  c.d.c.d.m.ConfirmationResponseProcessor:domain=local/node=mediator tid:2b4d6fd9f405f414a30dc0ed44583a8b - Phase 2: Registered request=2026-07-26T16:19:08.755968Z with 1 view(s). Initial state: ViewPosition("") -> ViewState(
  quorumsState = Seq(Quorum(confirmers = party-f3d1e2bc-b44a-469a-9cbc-872a85232502::12206f7953e7... -> 1, threshold = 1), Quorum(confirmers = sandbox::12206f7953e7... -> 1, threshold = 1)),
  consortiumVoting = Map(party-f3d1e2bc-b44a-469a-9cbc-872a85232502::12206f7953e7... -> ConsortiumVotingState(), sandbox::12206f7953e7... -> ConsortiumVotingState()),
  rejections = Seq()
)
2026-07-26 21:49:08,773 [canton-env-ec-76] INFO  c.d.c.p.p.TransactionProcessor:participant=sandbox/domainId=local::12209aebc618 tid:2b4d6fd9f405f414a30dc0ed44583a8b - Phase 4: Sending for request=2026-07-26T16:19:08.755968Z with msgId=a2ae0232-87e6-4d77-a0d9-b58575d4584f approved=1, rejected=0
2026-07-26 21:49:08,774 [canton-env-ec-84] INFO  c.d.c.d.s.s.GrpcSequencerService:domain=local tid:2b4d6fd9f405f414a30dc0ed44583a8b - 'PAR::sandbox::12206f7953e7...' sends request with id 'a2ae0232-87e6-4d77-a0d9-b58575d4584f' of size 762 bytes with 1 envelopes.
2026-07-26 21:49:08,777 [canton-env-ec-80] INFO  c.d.c.p.p.DefaultMessageDispatcher:participant=sandbox/domainId=local::12209aebc618 tid:2b4d6fd9f405f414a30dc0ed44583a8b - Processing event at sc=240, ts=2026-07-26T16:19:08.775512Z, messageId=a2ae0232-87e6-4d77-a0d9-b58575d4584f, with contents=Seq()
2026-07-26 21:49:08,778 [canton-env-ec-76] INFO  c.d.c.d.m.ConfirmationResponseProcessor:domain=local/node=mediator tid:2b4d6fd9f405f414a30dc0ed44583a8b - Phase 5: Received responses for request=RequestId(2026-07-26T16:19:08.755968Z): ParticipantResponse(sender = PAR::sandbox::12206f7953e7..., ts = 2026-07-26T16:19:08.775512Z, approved = 1)
2026-07-26 21:49:08,779 [canton-env-ec-80] INFO  c.d.c.d.m.ConfirmationResponseProcessor:domain=local/node=mediator tid:2b4d6fd9f405f414a30dc0ed44583a8b - Phase 6: Finalized request=RequestId(2026-07-26T16:19:08.755968Z) with verdict Approve
2026-07-26 21:49:08,780 [canton-env-ec-77] INFO  c.d.c.d.s.s.GrpcSequencerService:domain=local tid:2b4d6fd9f405f414a30dc0ed44583a8b - 'MED::local::12209aebc618...' sends request with id 'mmid:verdict:1785082748755968' of size 709 bytes with 1 envelopes.
2026-07-26 21:49:08,783 [canton-env-ec-79] INFO  c.d.c.p.p.DefaultMessageDispatcher:participant=sandbox/domainId=local::12209aebc618 tid:2b4d6fd9f405f414a30dc0ed44583a8b - Processing event at sc=241, ts=2026-07-26T16:19:08.781632Z, with contents=SignedProtocolMessage(
  TransactionResultMessage(requestId = 2026-07-26T16:19:08.755968Z, verdict = Approve, rootHash = SHA-256:3d1df659585d..., domainId = local::12209aebc618...),
  signatures = Signature(signature = b2ebd238b79a, signedBy = 1220382abd91...)
)
2026-07-26 21:49:08,786 [input-mapping-pool-6] INFO  c.d.c.p.i.p.ParallelIndexerSubscription:participant=sandbox tid:2b4d6fd9f405f414a30dc0ed44583a8b - Phase 7: Storing at offset=000000000000000047 TransactionAccepted(
  recordTime = 2026-07-26T16:19:08.755968Z,
  transactionId = 12203d1df659585dc81173333a20b05523ac9b82f7d7b592ec9f036db12de572e0f4,
  transactionMeta = TransactionMeta(ledgerEffectiveTime = 2026-07-26T16:19:08.739540Z, submissionTime = 2026-07-26T16:19:08.739540Z, domainId = local::12209aebc618..., ...),
  completion = CompletionInfo(
    actAs = party-f3d1e2bc-b44a-469a-9cbc-872a85232502::12206f7953e7...,
    commandId = 59eedb00-a66d-4318-b7a8-3019242fa0e8,
    applicationId = programmable-money-backend,
    deduplication period = (offset=Offset(Bytes(000000000000000001))),
    submissionId = Some(4f36367a-388f-437d-abd3-c4057b4b035a),
    ...
  ),
  nodes = 1,
  roots = 1,
  ...
)
2026-07-26 21:49:08,788 [canton-env-ec-25] INFO  c.d.c.p.a.s.t.TransactionServiceImpl:participant=sandbox - Received request for flat transaction by ID, ledgerId -> 'sandbox', transactionId -> '12203d1df659585dc81173333a20b05523ac9b82f7d7b592ec9f036db12de572e0f4', parties -> ['party-f3d1e2bc-b44a-469a-9cbc-872a85232502::12206f7953e7edc58874bebcb1ffbf758c4c4520e4ffe5754a182572d56a9b99179b'].
2026-07-26 21:49:39,012 [canton-env-ec-85] INFO  c.d.c.d.s.s.GrpcSequencerService:domain=local tid:2b4d6fd9f405f414a30dc0ed44583a8b - 'MED::local::12209aebc618...' sends request with id 'tick-8bfaba35-e2d3-4c94-98d5-e9a143930beb' of size 336 bytes with 0 envelopes.
2026-07-26 21:50:09,000 [canton-env-ec-25] INFO  c.d.c.d.s.s.GrpcSequencerService:domain=local tid:2b4d6fd9f405f414a30dc0ed44583a8b - 'PAR::sandbox::12206f7953e7...' sends request with id 'tick-bbac59be-51c9-4ed3-8e87-0ef37ceb3b71' of size 338 bytes with 0 envelopes.
2026-07-26 21:59:48,417 [daml.index.db.connection.indexer housekeeper] WARN  com.zaxxer.hikari.pool.HikariPool - daml.index.db.connection.indexer - Thread starvation or clock leap detected (housekeeper delta=4m10s872ms).
2026-07-26 21:59:48,515 [daml.index.db.connection.api-server housekeeper] WARN  com.zaxxer.hikari.pool.HikariPool - daml.index.db.connection.api-server - Thread starvation or clock leap detected (housekeeper delta=4m10s872ms).
